Unique ID,text,created_at,retweet_count,favorite_count,source,length,user_id,user_screen_name,user_name,user_created_at,user_description,user_followers_count,user_friends_count,user_location,user_statuses_count,user_verified,user_url,statuses/followers_count,friends/followers_count,user_has_url?,Final Label
1,"Hurricane Katrina - Saints go to the Superbowl 
Hurricane Harvey - Astros win championship",03-11-2017 17:28,0,1,Twitter for iPhone,90,8.80E+17,itsabinakelley,Erica Kane,28-06-2017 22:37,T·ñá·ó©$·ïº ·ïºO·ëå·îïE¬Æ üöÆüö∫üáµüá≠,299,410,made in japan,3585,FALSE,,11.99,1.37,No,REAL
2,"Students from Riverview Elementary set a goal for $1,000 to raise for Hurricane Harvey and Hurricane Irma... https://t.co/r5vw7fNujw",03-11-2017 17:28,0,0,SocialNewsDesk,132,18813355,WAOW,WAOW,09-01-2009 20:11,Welcome to WAOW Newsline 9's Twitter account. Email your news tips to news@waow.com. News for you from Wausau and central Wisconsin.,13095,768,"Wausau, Wisconsin",53691,TRUE,http://t.co/Ooqm8p3JBi,4.1,0.06,Yes,REAL
3,Harvey caused more than $74M in damage to flood control infrastructure https://t.co/5zBp382UVD via @houstonchron,03-11-2017 16:37,0,0,Buffer,112,272278343,HOUmanitarian,HOUmanitarian,26-03-2011 05:33,"News, Information, Opinion & Networking for Houston's Humanitarian Sectors - Health, Education, Social Services, Philanthropy, Environment, & More",4261,3956,"Houston, Texas, U.S.A.",48019,FALSE,https://t.co/xZ5kENca0d,11.27,0.93,Yes,REAL
4,I added a video to a @YouTube playlist https://t.co/2mnb8sOOuu Heroes of Hurricane Harvey,03-11-2017 17:27,0,0,Google,89,33600664,gdubb79,Gabriel Woofter,20-04-2009 17:58,Originals-RT's-YouTube Playlists-Policy-Strategy-Consulting. See website for experience. Enjoy what you üëÄ& üéß. üååSky Above üåéEarth Belowüî•Fire Within...#RT‚§µÔ∏èüí´,220,683,,5649,FALSE,https://t.co/tJVLcw98YK,25.68,3.1,Yes,REAL
5,DFW businesses accused of price gouging during Hurricane Harvey‚Äôs gas run https://t.co/0hHhfWOSx1,03-11-2017 17:27,0,0,Twitter Web Client,97,18440701,TexasAmerica,TexasAmerica,29-12-2008 03:03,"Man about town, righteous dude. Sometimes I tweet about things that are Sports, Music, Politics, Buddhist. You've been warned.",1146,5000,Texas,69033,FALSE,,60.24,4.36,No,REAL
6,"Stories of homeowners hoping 4 a buyout after #HurricaneHarvey flooded their homes
Compelling, by @lisalsong et al
https://t.co/DfADjR3SiU",03-11-2017 17:23,0,0,Twitter Web Client,138,411148247,CelloMomOnCars,CelloMom on Cars,13-11-2011 01:57,Fuel efficient cars that fit the planet and the budget - and the cello,609,861,USA,22625,FALSE,http://t.co/y5U1lgAUyi,37.15,1.41,Yes,REAL
7,"9 Weeks After Harvey, Houston Celebrates World Series Win https://t.co/s7FdHcO8HZ",03-11-2017 17:15,0,0,Twitter Web Client,81,2565304410,ChefCrayCafe,TrumpApocalypse,13-06-2014 13:34,"Reagan 1980, Bush 2000. Destroyers of the Middle Class. Trump 2016 Will Destroy the Rest.  A Daily Chronicle of Our Descent Into Hell.",1853,1877,"Hamtramck, MI",20244,FALSE,,10.92,1.01,No,REAL
8,"@BestFriends recounts their work in animal search, rescue &amp; sheltering following Hurricane #Harvey- https://t.co/4P2q0dgUq8 via @Shareaholic",03-11-2017 17:15,0,0,Twitter Web Client,144,308607766,cburgessDDH,Christian Burgess,31-05-2011 18:00,Social worker & mental health advocate supporting survivors & responders in emotional distress related to natural & human-caused disasters. Views my own.,1735,1822,USA,6475,FALSE,http://t.co/vaCYN2725m,3.73,1.05,Yes,REAL
9,Companies like @Walmart have made an effort to improve company ethics in response to Harvey; @meg_sitlinger writes: https://t.co/Nm3gLtTfEE,03-11-2017 17:13,0,1,Twitter for iPhone,139,536645522,PittBusinessRev,Pitt Business Review,25-03-2012 21:06,Pitt's student-run blog reporting about any and all things business. Follow us for updates on new articles & club events! #H2PBR,108,56,"Pittsburgh, PA",237,FALSE,https://t.co/1z4kj7dSo0,2.19,0.52,Yes,REAL
10,The Energy Industry Is Stepping Up In The Wake Of Hurricane Harvey https://t.co/HrLV6JYfn8 via @dailycaller,03-11-2017 17:11,1,0,Twitter Web Client,107,74014041,GaltsGirl,Michelle Ray,14-09-2009 00:30,#OYD with @algebraixdata. Co-Founder @Clearvoter. Co-host @Gulchcast. Blessed mother. Bacon lover. Capitali$t. libertarian. Music junkie. Sapiosexual. #Bitcoin,48398,6575,Where the bourbon flows freely,673003,TRUE,https://t.co/ouY6ToYOyO,13.91,0.14,Yes,REAL
11,Hurricane Harvey washes up a mysterious creature on Texas Beach https://t.co/ickcKYUbOU,03-11-2017 17:09,0,0,SocialOomph,87,28606058,earthscraft,Earthscraft,03-04-2009 17:10,"Sharing positive funny animal sayings, celebrating the humor in nature. Also sharing unique info, quotes and inspiring words.  #earthscraft",233974,125844,"British Columbia, Canada",295110,FALSE,https://t.co/xNKTCga3qY,1.26,0.54,Yes,REAL
12,@sethmeyers plz help mr.meyers my family is short $400 for rent and its due today! Plz help! Hurricane harvey just messed us up,03-11-2017 17:06,0,0,Twitter for iPhone,127,9.23E+17,Texaskookster,Miguel Fernand,25-10-2017 20:04,Texas living! Warm days and tex mex food! Good vibes to all!,7,17,"Texas, USA",225,FALSE,,32.14,2.43,No,FAKE
13,How Otis Became A Symbol of Strength During Hurricane Harvey https://t.co/Brcx3GIWLY https://t.co/5DxmCG4f2J,03-11-2017 17:06,1,2,Crowdfire - Go Big,108,203056418,ogunner,Gunner,15-10-2010 12:45,Œ§œçœÜŒªŒ± ŒΩŒ± Œ≠œáŒµŒπ Œø ŒúŒ¨œÅŒªŒøŒΩ ŒúœÄœÅŒ¨ŒΩœÑŒø. Brainy's the new sexy... https://t.co/pb5FPujxWB,2278,1977,Greece,27898,FALSE,https://t.co/HeB3Mb5ofW,12.25,0.87,Yes,REAL
14,"Jobs report-261,000 despite hurricane Harvey &amp; Irma impact. 4.1% unemployment rate with 3% GDP.  #MAGA #Winning #Jobs",03-11-2017 17:00,0,0,Twitter for Android,121,47673131,confusedabout,D,16-06-2009 16:50,"American: proud, hopeful, and thankful for all the blessings.",1159,575,"Dallas, Texas",53295,FALSE,,45.98,0.5,No,FAKE
15, @CharityNav We're sending our guys who were able to support those in need after Hurricane Harvey to hel‚Ä¶ https://t.co/LlW1MyVWVN,03-11-2017 17:00,0,0,Twitter Web Client,140,7.97E+17,DerrickChubbs,Derrick Chubbs,10-11-2016 01:43,President/CEO Central Texas Food Bank,56,17,"Austin, TX",315,FALSE,https://t.co/pxpYQIijfK,5.63,0.3,Yes,REAL
16,12 nonprofits received funding to help meet the needs of Texans displaced by Hurricane Harvey https://t.co/YmABZwDTmT,03-11-2017 17:00,0,0,TweetDeck,117,36369382,SAAFdn,San Antonio Area Fdn,29-04-2009 14:27,San Antonio Area Foundation - Where Giving and Community Connect. Since 1964.,6690,1211,"San Antonio, Texas",8815,FALSE,https://t.co/WrdvG2fZwn,1.32,0.18,Yes,REAL
17,Hurricane Harvey/Brazos River Flood Recovery Resources https://t.co/aeAIr4X942,03-11-2017 17:00,0,0,dlvr.it,78,85842228,LakeJacksonTX,City of Lake Jackson,28-10-2009 15:33,"The City of Lake Jackson is located in Brazoria County, Texas and was incorporate on March 14, 1944.",2389,17,"Lake Jackson, Texas",4091,TRUE,http://t.co/3Jy2Zq5y1y,1.71,0.01,Yes,REAL
18,"Bonfire Wings was recently recognized for donating nearly $10,000 in food and donations to help those affected by H‚Ä¶ https://t.co/ewoKUN7V93",03-11-2017 17:00,0,1,TweetDeck,140,565856888,BonfireWings,BonfireWings,29-04-2012 00:43,"Genuine Creole, Uniquely Cajun! Biggest & Best Wings in Houston for 17 years with 2 awesome locations! Our side orders ain't like no other place!",370,87,"Houston, TX",980,FALSE,http://t.co/btNrOlrN7s,2.65,0.24,Yes,FAKE
19,Hurricane Harvey Drove Houston‚Äôs Undocumented Population Further Underground https://t.co/RalsFagLfZ,03-11-2017 16:59,1,0,Mobile Web (M2),100,8.84E+17,NotFake_News,Real News,10-07-2017 14:45,The realest fake news you'll ever see,1019,887,"Pittsburgh, PA",19480,FALSE,,19.12,0.87,No,FAKE
20,"super bowl 51, 51 inches of rain fell during hurricane harvey, and the astros won 5-1Ö",03-11-2017 16:58,0,0,Twitter for iPhone,88,3312831128,hailey_bazan,Hailey Bazan,11-08-2015 23:31,hi,133,208,"Houston, TX",2460,FALSE,,18.5,1.56,No,REAL
21,"Congrats Houston! 9 Weeks After Harvey, Houston Celebrates World Series Win #ForTheWin #StayStrong‚Ä¶ https://t.co/rPPSE5quCP",03-11-2017 16:57,0,0,Twitter Web Client,123,253907713,OlympicSystem,Olympic Restoration,18-02-2011 06:13,Mold Remediation | Basement Waterproofing | Crawl Space Moisture Control,1103,1086,"Keller, TX",103,FALSE,https://t.co/dlMvBuwuyh,0.09,0.98,Yes,REAL
22,Hurricane Harvey washes up a mysterious creature on Texas Beach https://t.co/QaR5ikmwKb,03-11-2017 16:56,0,0,SocialOomph,87,18073211,gemstars,GemStar,12-12-2008 09:01,"#Artist, #gemstars and Optimist! Sharing positive tips, inspiring words, and original works of art. Fight your fears by seeking the courage that exists within.",338672,71976,"British Columbia, Canada",283266,FALSE,https://t.co/sYJuscSX1O,0.84,0.21,Yes,REAL
23,"GalvCoTX: Following the unprecedented flooding of Hurricane Harvey, many county residents are now on the long road‚Ä¶ https://t.co/0fCq9CRu0B",03-11-2017 16:55,0,0,IFTTT,139,622197501,TylkaLawFirm,Tylka Law Firm,29-06-2012 18:12,The Tylka Law Firm is committed to helping people get results and find solutions to their legal problems. Call us today.,339,81,"League City, TX",1204,FALSE,http://t.co/w0jtNjjnMK,3.55,0.24,Yes,REAL
24,"""Faith in the Water"" on iTunes now!  All profits go to Hurricane Harvey relief efforts.  https://t.co/8Lp5ZT9s9w #greattune #texasstrong",03-11-2017 16:55,5,8,Hootsuite,136,38910872,kyle_park,Kyle Park,09-05-2009 19:25,snapchat // @ ontheroadwithkp,75459,7683,,10155,TRUE,https://t.co/xYJhOvRbxi,0.13,0.1,Yes,REAL
25,The Energy Industry Is Stepping Up In The Wake Of Hurricane Harvey https://t.co/x5nLzWX1R1,03-11-2017 16:53,0,0,dlvr.it,90,8.42E+17,WorldConserv,World Conservative,14-03-2017 11:06,"#Global #media platform promoting #conservative #politics, values, ideals for better #society. Support @GOP @AuConservatives @Conservatives #auspol #USPolitics",59932,467,"Victoria, Australia",111195,FALSE,,1.86,0.01,No,REAL
26,Our üê¨DWE‚ù§Ô∏èfeel the love! @ProjectLinus volunteers made 100 quilts for each of our students affected by Hurricane Ha‚Ä¶ https://t.co/9rR3Ruq1Hv,03-11-2017 16:53,0,3,Twitter for iPhone,140,3280865634,HumbleISD_DWE,Deerwood Elementary,15-07-2015 19:42,"Carpe Diem, seize the day and make it extraordinary.",603,75,"Kingwood, TX",624,FALSE,http://t.co/2i0PRCFBMS,1.03,0.12,Yes,FAKE
27,Hurricane Harvey washes up a mysterious creature on Texas Beach https://t.co/x1R5iMkyhZ,03-11-2017 16:52,0,0,SocialOomph,87,19511386,northmix,Northmix,25-01-2009 23:48,"Mix of nature and flower photos, sharing interesting concepts about life. In order to move forward, just take things one step at a time. #northmix #photography",251561,168218,Canada,270324,FALSE,https://t.co/1Ut34VZjl6,1.07,0.67,Yes,REAL
28,"RAAF, @Crayola, and Good360 have come together to provide school supplies for #HurricaneHarvey victims. Read more:‚Ä¶ https://t.co/bYdAWd6Nc8",03-11-2017 16:50,0,0,Hootsuite,139,53135927,Good360,Good360,02-07-2009 17:56,"Changing the world by helping distribute corporate product donations to nonprofits all over the globe. We make giving more simple, efficient and effective.",9777,6373,"Alexandria, VA",4582,TRUE,http://t.co/WC2bBVTbiG,0.47,0.65,Yes,REAL
29,Tracey and her daughter are victims of #hurricane #Harvey and they need our #help to get back on their feet! #donate https://t.co/PYya7C2JyX,03-11-2017 16:47,0,0,Statusbrew,140,2828301882,Crowdfund_Promo,Crowdfunding Promo,23-09-2014 16:26,I help people spread out word about their crowdfunding projects on websites like #Indiegogo #kickstarter and #others My online office is at link bellow:,143163,19711,New York,15617,FALSE,http://t.co/as4BeseoqU,0.11,0.14,Yes,FAKE
30,Houston Astros Win 2017 World Series Help Region Recover From Hurricane Harvey https://t.co/6k9Xa6MaAq,03-11-2017 16:46,0,0,IFTTT,102,1355741,zennie62,Zennie Abraham,17-03-2007 14:37,#NFLDraft  #InfluencerMarketing #NFL Oscars #Socialmedia Oakland #SDCC #ComicCon #oakland #oakmtg #tech #Startup #GDC #CES2017 #Vegas #YouTube #Vlog #Blogger,168323,54607,"Oakland, CA | SD, Vlogger",699947,FALSE,https://t.co/oXsSXxizE1,4.16,0.32,Yes,REAL
31,"Hurricane Harvey hero ""Mattress Mack"" out $10 million after offering customers refunds if Astros won World Series¬†‚Ä¶ https://t.co/iu9f6apzVP",03-11-2017 16:46,0,0,New York City Now,139,53932318,NewYorkCP,New York Now,05-07-2009 15:32,Breaking news and weather updates from New York.,6509,52,New York,371980,FALSE,https://t.co/cO3WpWNduA,57.15,0.01,Yes,FAKE
32,"DFW businesses accused of price gouging during Hurricane Harvey‚Äôs gas run 
CLICK BELOW FOR FULL STORY...
https://t.co/Ju1AKlrJQt",03-11-2017 16:40,0,0,CorrectBaeNews,128,7.04E+17,CorrectBae_News,CorrectBae News,27-02-2016 11:39,"CorrectBae_News Brings in-depth coverage on Breaking News, National News, Local News & Top Stories in US & World #followback #wefollowback #followmeifollowback",607,1038,,147094,FALSE,https://t.co/IZldhLJAGE,242.33,1.71,Yes,REAL
33,Toys for Tots organizers double efforts after Hurricane Harvey https://t.co/IsYsJcxhUI https://t.co/MbmlZpwEwA,03-11-2017 16:40,1,1,dlvr.it,110,55246841,KingwoodNews,Kingwood Observer,09-07-2009 14:16,Community news from the Kingwood Observer,2665,55,"Kingwood, TX",13473,FALSE,http://t.co/J2bCtsQ8Iq,5.06,0.02,Yes,FAKE
34,DFW businesses accused of price gouging during Hurricane Harvey‚Äôs gas run #texas https://t.co/GwekVXAPIj,03-11-2017 16:39,3,0,Twitter Web Client,104,16198573,annatinsley,Anna M.  Tinsley,09-09-2008 05:37,"A Fort Worth native, I cover politics and local/state/federal gov & issues for the FWST. But I'm just mom to two awesome & crazy boys. RTs don't=endorsements.",4025,1693,"Fort Worth, Texas",5456,TRUE,http://t.co/2uj4Jmj0Aq,1.36,0.42,Yes,REAL
35,Harvey caused more than $74M in damage to flood control infrastructure https://t.co/5zBp382UVD via @houstonchron,03-11-2017 16:37,0,0,Buffer,112,272278343,HOUmanitarian,HOUmanitarian,26-03-2011 05:33,"News, Information, Opinion & Networking for Houston's Humanitarian Sectors - Health, Education, Social Services, Philanthropy, Environment, & More",4261,3956,"Houston, Texas, U.S.A.",48019,FALSE,https://t.co/xZ5kENca0d,11.27,0.93,Yes,REAL
36,"TXSG has an ongoing role in Hurricane Harvey recovery. To find out what we're doing, check out this fact sheet.‚Ä¶ https://t.co/OAPvRr4QEj",03-11-2017 16:34,0,1,Twitter Web Client,136,35028079,TXSeaGrant,Texas Sea Grant,24-04-2009 20:22,,2025,1880,"College Station, Texas",4150,FALSE,http://t.co/HpfZyh8FKF,2.05,0.93,Yes,FAKE
37,"Thank you fans! @MiLB teams and MILB Charities combined to raise $300,301.22 for Hurricane Harvey and Hurricane Irm‚Ä¶ https://t.co/oDJ8YCyk7G",03-11-2017 16:34,1,1,Twitter Web Client,140,21931877,EverettAquaSox,Everett AquaSox,25-02-2009 22:51,"Official Twitter account of the Everett AquaSox, Class-A Northwest League Affiliate of the @Mariners #GoFrogs",11704,2886,"Everett, Washington",12513,TRUE,http://t.co/hFzwbydKtz,1.07,0.25,Yes,FAKE
38,"After Hurricane Harvey, Houston takes a fall to #60 on the list of U.S. markets for real estate investing. https://t.co/YMHmoN4JX7",03-11-2017 16:30,1,0,eClincher,130,8.64E+17,NelsonBros1,Nelson Brothers,15-05-2017 20:43,"Nelson Brothers, an Inc 500 company, manages $240 million in assets through the acquisition of 19 student housing properties and 3 assisted living properties.",194,598,United States,171,FALSE,https://t.co/zZH1a2bsLA,0.88,3.08,Yes,REAL
39,Toys for Tots organizers double efforts after Hurricane Harvey https://t.co/1dWycOrv4v https://t.co/xSL09RViri,03-11-2017 16:27,0,0,dlvr.it,110,54927948,AtascocitaNews,Atascocita Observer,08-07-2009 15:28,Community news from the Atascocita Observer,1713,56,"Atascocita, TX",11462,FALSE,http://t.co/3evGfnt9kR,6.69,0.03,Yes,FAKE
40,Tommy is one of the pups that were rescued during Hurricane Harvey &amp; his mom is Mississippi Sandy. He‚Äôs 4 months... https://t.co/cqajVHmYjE,03-11-2017 16:20,12,4,Facebook,143,1305544802,nycscr,Second Chance Rescue,26-03-2013 20:40,"We are a small, individual, private rescue group dedicated to giving unwanted dogs and cats a second chance.",9169,22,,28325,FALSE,https://t.co/ZGycxVjHcS,3.09,0,Yes,FAKE
41,Hurricane Harvey hero 'Mattress Mack' out $10 million after offering customers refunds if ...‚Ä¶ https://t.co/BacLrtYF0r,03-11-2017 16:18,0,0,The lnformer,118,128832535,The_lnformer,The Informer,02-04-2010 09:37,"#Breaking #news, #currentaffairs,  #Analysis. We are working for you to be informed",8265,304,"Washington, DC",35508,FALSE,https://t.co/OJw28xTel2,4.3,0.04,Yes,FAKE
42,These #UTSA students are collecting water samples along the Texas coast to help with research on how Hurricane Harv‚Ä¶ https://t.co/8VO436RS7R,03-11-2017 16:17,4,13,Twitter for iPhone,140,85362822,UTSA,UTSA,26-10-2009 17:10,"Official Twitter account for #UTSA, San Antonio's university of the future. #Academics #Research #Service #Excellence",55902,1461,"San Antonio, TX",11835,TRUE,https://t.co/VHxfjgW6aU,0.21,0.03,Yes,REAL
43,"BIF: Just Two Months After Hurricane Harvey, Houston Fans Are United and Lifted Up by the World Series https://t.co/TotJQR722V",03-11-2017 16:15,0,2,SocialOomph,126,459586511,SocialInChicago,Social N Chicago,09-01-2012 20:53,"News, Events, Announcements, Music, What's Happening in Chicago. Join the Fun! Have an Event? Activity? Add it here FREE! https://t.co/eleF2zsp1t",137090,135621,"Chicago, IL ",188455,FALSE,http://t.co/Fu85yP4JHO,1.37,0.99,Yes,REAL
44,WSU student uses drone to help people after Hurricane Harvey | DroneReviews - https://t.co/5JhrZkvUfw #drones,04-11-2017 00:17,0,0,IFTTT,109,3229677879,drone_reviews,DroneReviews,03-05-2015 03:47,We rate the best drones,2006,270,New York ,35512,FALSE,http://t.co/R1fzhm6cJi,17.7,0.13,Yes,REAL
45,Drone Software Donation for Hurricane Recovery To assist with Hurricane Harvey and Irma emergency respons https://t.co/1FXTpKNuU0 #drones,04-11-2017 00:15,0,0,Tweet Old Post,137,8.97E+17,AwuavWorld,Awuav,15-08-2017 07:18,AWuAV 3015E the Revolutionary Open Source drone soon in crowdfunding.,257,478,,11536,FALSE,,44.89,1.86,No,REAL
46,WSU student uses drone to help people after Hurricane Harvey https://t.co/c0lXbqXpzN,04-11-2017 00:13,0,0,IFTTT,84,8.41E+17,the_best_drones,John Drone,14-03-2017 00:39,"Drone enthusiast always looking for the best deals on drones.  Read about drones, including new models and deals.",245,218,"Los Angeles, CA",12356,FALSE,https://t.co/TkU2VUgWyd,50.43,0.89,Yes,REAL
47,Hewlett Packard moving jobs to Chippewa Falls due to Hurricane Harvey damage to Texas facility https://t.co/jQMduszQ9r,04-11-2017 00:13,0,0,MyAllies Breaking News,118,2397975692,MyAlliesNews,MyAllies News,19-03-2014 14:36,MyAllies delivers breaking news from across the globe and information on the latest breaking business and financial events. https://t.co/EMO1mExUVH,565,0,,558908,FALSE,https://t.co/EMO1mExUVH,989.22,0,Yes,REAL
48,"Much of Houston has moved on since Hurricane Harvey. But for thousands of families, recovery has been difficult https://t.co/DeAfU2MUfQ",04-11-2017 00:11,1,0,Twitter Web Client,135,50024361,nancycbarnes,Nancy Barnes,23-06-2009 16:33,"Lifelong journalist, Houston Chronicle editor, mother of three young women. Favorite locale: A warm (ocean) beach, anywhere.",2533,552,Houston,4308,TRUE,http://t.co/LBDLk3KwVk,1.7,0.22,Yes,REAL
49,9/11- The Patriots won the Super Bowl. Hurricane Katrina- The Saints won the Super Bowl. Hurricane Harvey- The Astros won the World Series.,04-11-2017 00:10,0,0,Twitter for iPhone,139,27806168,SparkleLeo,Sparkle Major Key üîë,31-03-2009 03:40,"July's Very Own ‚ôåÔ∏è Drake's Girlfriend. Young Angel. If you hate me tell me burn in heaven. #Lakers #Patriots SC: Sparkleleo, IG: Sparkleleo29",1178,897,"Manhattan, NY",14813,FALSE,,12.57,0.76,No,REAL
50,My story tonight - this was interesting to learn about. This @WichitaState student helped after Hurricane Harvey wi‚Ä¶ https://t.co/cUABLOitqv,03-11-2017 23:53,0,1,Twitter Web Client,140,468021025,SarafinaKSN,Sara Berlinger KSN,19-01-2012 02:59,@KSNNews Reporter @NewhouseSU grad. From the Ocean State! Links/RTs/opinions my own.,611,626,"Wichita, KS",2784,FALSE,https://t.co/mA68qv3kS8,4.56,1.02,Yes,REAL
51,"After Hurricane Harvey, finally the Houston Astros parade brings Houston a happy meaning to the world float. #TooSoon",03-11-2017 23:46,0,0,Twitter Web Client,117,24983937,AlexKaseberg,Alex Kaseberg,17-03-2009 23:48,"FOLLOWS YOU                

Mom asked if I had been bad in Kindergarten, I said; A little bit bad, but a whole lot funny.",2671,2193,San Diego,17766,FALSE,http://t.co/PMTqsxocKA,6.65,0.82,Yes,REAL
52,Conn. families open their homes to dogs that survived Hurricane Harvey https://t.co/dPHRBKSAXB via @WTNH,03-11-2017 23:43,0,0,Twitter Web Client,104,18409819,songwolvesLauri,songwolvesLauri,27-12-2008 16:05,"I am an animal lover! Humans need to love them more, harm them NEVER!",316,764,"Barberton, Ohio",6207,FALSE,,19.64,2.42,No,FAKE
53,"NOAA hurricane MAP reveals paths of Hurricane Harvey, Irma, Maria, Lee, Ophelia and MORE #RT https://t.co/HXNL2qKYmm",03-11-2017 23:39,1,0,Report 24 UK,116,2840378924,ReportUK,Report UK,04-10-2014 16:07,"Breaking, World, UK and Local News",30968,4120,U.K.,1392946,FALSE,https://t.co/AczGMuGVEe,44.98,0.13,Yes,FAKE
54,"Our house had over 4ft of water and I lost all of my playbills in Hurricane Harvey. üôÅ
@Lin_Manuel @playbill‚Ä¶ https://t.co/QIsoINvZne",03-11-2017 23:38,0,1,Twitter for iPhone,132,7.43E+17,lemonylyd,üá≤üáΩ,15-06-2016 05:55,In love with sitcoms about old ladies who reside in Miami. DHS theatre. C/o 2019,187,175,"Dickinson, TX",6107,FALSE,,32.66,0.94,No,FAKE
55,from hurricane harvey to a party #worldserieschamps https://t.co/Vf7uV5p1nu,03-11-2017 23:38,0,2,Twitter for iPhone,75,853291615,b_guilbeau,Brennan,29-09-2012 17:31,htx // atx. hooper. St. Edward's University ŒîŒ£Œ†,607,533,,14781,FALSE,,24.35,0.88,No,REAL
56,"Here is the starting lineup for the JAG Metals 350 Driving Hurricane Harvey Relief, from the‚Ä¶ https://t.co/8Oe6HRsq1M",03-11-2017 23:38,0,0,Instagram,117,7.47E+17,cautionlitenews,Caution Light News,26-06-2016 23:18,"official twitter page for The Caution Light News, The Number 1 Source For Racing news on the internet.

IG: @thecautionlightnews",36,770,,1211,FALSE,https://t.co/k41Eb6RpCG,33.64,21.39,Yes,REAL
57,"How ARPA-E Tech Helped Detect Hurricane Harvey‚Äôs Hidden Hazards

https://t.co/nxx0eS48YN https://t.co/Q3iNCeMiow",03-11-2017 23:37,3,4,Twitter Web Client,112,1534662992,R2Drones,R2 DRONES,20-06-2013 18:40,UNMANNED SYSTEMS. Proven Track Record of Delivering Innovative-Engineered Solutions. TECHNOLOGY WATCH. Top News. r2groupe@gmail.com,18564,11218,CANARY ISLAND - West Africa ,27973,FALSE,https://t.co/XhJZVFJgZ6,1.51,0.6,Yes,REAL
58,Jos√© Altuve on Hurricane Harvey's Impact on Houston Astros' World Series... https://t.co/u9nGJZ2cnu via @YouTube,03-11-2017 23:37,0,0,Twitter Web Client,112,2330819965,mabelsgrandma,mabelsgrandma,06-02-2014 20:33,love to write based on my interactions w/people in my life. watch out how ya treat me!!! :) from arkansas. my daughter has unconditionally loved me all her life,91,591,"Huntsville, TX",544,FALSE,,5.98,6.49,No,REAL
59,"Gracious, humble, Venezuelan! Jos√© Altuve on Hurricane Harvey's Impact on Houston Astros' World Series... https://t.co/I0EHNJRvui #BaseBall",03-11-2017 23:35,0,1,Twitter for iPhone,139,15213339,valentinavitols,Valentina Vitols,23-06-2008 23:34,"Angel Investor @PipelineAngels  @allianceangels & Hera Angels. Caracas born. Seattleite. Latvian. Gratitude, photo, travel, food, baseball. Se habla Espa√±ol.",4000,1861,Seattle I Caracas,26781,FALSE,https://t.co/yjm5npuIFK,6.7,0.47,Yes,REAL
60,Artist Jermaine Rogers Hosts Hurricane Harvey Benefit Auction #Texas https://t.co/i3Sz6HgpAZ,03-11-2017 23:35,0,0,ForceTweet,92,2362405130,NewslockerTexas,Newslocker Texas,26-02-2014 09:14,Find your latest news about Texas with just one click. Don't miss out on anything happening in your region!,623,699,,30812,FALSE,http://t.co/RWbYa72R8p,49.46,1.12,Yes,FAKE
61,Hurricane Harvey: Questions on Climate Change Right to be Asked. Elliot Ryder writes on Tremr https://t.co/cO51Q2bqqU,03-11-2017 23:31,3,3,Facebook,117,276492591,StuartMedia,Blair James Stuart,03-04-2011 13:29,"Stuart Media Features Freelance Australian photographer Blair Stuart, if u follow me but have to approve follow backs, don't bother u will be deleted & blocked",8417,8393,Queensland,85809,FALSE,https://t.co/BKRF4pjdeK,10.19,1,Yes,REAL
62,Leonardo DiCaprio Just Gave $1 Million Toward Hurricane Harvey Relief Efforts https://t.co/Pv9BRVneeQ,03-11-2017 23:29,0,1,OS X,101,2185982557,woodymcfarley,John Eddy,10-11-2013 09:11,"Freakish-mutant-hybrid-creative-patriotic-scientific-Buhdism-practicing-space-ape from Tacoma,WA",2034,3292,"Tacoma,Wa USA",188059,FALSE,http://t.co/Z5ABn7jKIr,92.46,1.62,Yes,REAL
63,Pan Icarian Brotherhood Foundation Chairman George Horiates (center) presents @IOCCRelief $5000 for Hurricane Harve‚Ä¶ https://t.co/Xgc8si22fi,03-11-2017 23:29,5,6,Twitter Web Client,140,1258759860,PanIcarian,Pan Icarian,11-03-2013 06:49,The Pan-Icarian Brotherhood is open to adults and spouses whose ancestry can be traced to Aegean Greek islands of Icaria or Fournoi. http://t.co/QPXtPDl7UY,203,33,United States,284,FALSE,http://t.co/xJTBOZI3NY,1.4,0.16,Yes,FAKE
64,Homecoming at Aransas Pass has their first home game since Hurricane Harvey @CallerSports @callerdotcom https://t.co/6tg6t8f7Wt,03-11-2017 23:27,1,2,Twitter for iPhone,127,274062946,Caller_Courtney,courtney sacco,29-03-2011 17:15,Corpus Christi Caller-Times Photojournalist,828,480,"Corpus Christi, TX",3096,FALSE,http://t.co/xxCtGkpkhu,3.74,0.58,Yes,REAL
65,"2 Months After Harvey, Houston Has Millions in Donations ‚Äì But Surprisingly Few Volunteers https://t.co/TdpL0MO7J3 via @faithwirenews",03-11-2017 23:20,0,0,Twitter for Android,133,8.47E+17,Kevin60550162,kevinnicksUSA,29-03-2017 04:28,Been homeless off in on for 37 years can't survive on my crazy check.. need help PayPal kevinnicks4freedom@gmail.com  I can trim my nails perfectly by ‚úã pulling,2033,1855,,11859,FALSE,,5.83,0.91,No,FAKE
66,"Race Thread: NCWTS Jag Metals 350 Driving Hurricane Harvey Relief at Texas Motor Speedway, starting at 8... https://t.co/xHcOGKDed2 #NASCAR",03-11-2017 23:20,0,2,Top Scoring Links,139,2531283090,NASCARonReddit,r/NASCAR on Reddit,29-05-2014 01:42,"A community with tens of thousands of NASCAR fans featuring exclusive interactions with the sport's biggest stars, great conversations, and breaking news!",7803,701,,16832,FALSE,https://t.co/6asfWEmgW7,2.16,0.09,Yes,REAL
67,"All proceeds from this @jerrygarcia 'Spring' art print by @Yosquirt go to Hurricane Harvey Relief in Houston, TX‚Ä¶ https://t.co/dEUhuthIhz",03-11-2017 23:20,0,0,Buffer,137,537812011,MoonalicePoster,Moonalice Posters,27-03-2012 03:31,"The @Moonalice Series includes over 1000 concert posters from 30 artists across the country. üé® At every show, guests receive a commemorative poster!",1046,420,"San Francisco, CA",7162,FALSE,https://t.co/fKwCwJXf0C,6.85,0.4,Yes,FAKE
68,Jos√© Altuve on Hurricane Harvey's Impact on Houston Astros' World Series... https://t.co/z0hOh4VDDC via @YouTube,03-11-2017 23:18,0,0,Twitter Web Client,112,53994322,galearon,Ronald Galea,05-07-2009 20:16,"Ing. Mecanico, MSc Ingenieria Mec√°nica. El secreto del √©xito se basa en la constancia y en estar preparado. Keep Moving Forward",608,493,"Caracas, Venezuela",44814,FALSE,,73.71,0.81,No,REAL
69,AT&amp;T unleashes #drones to aid in Hurricane Harvey relief https://t.co/Z5jRDvsCZP https://t.co/iVtb1Kfzfo,03-11-2017 23:17,0,0,Buffer,108,2795481396,peter_ryans,Ryan Begley,07-09-2014 07:35,"consumer iot & chat. Love tennis, interested in bots, want to build a tennis bot. Thoughts are my own.",13727,12376,"San Francisco, CA",32813,FALSE,https://t.co/uG7wKUlZom,2.39,0.9,Yes,REAL
70,PETA's Rescue Team is on the Ground in Wake of Hurricane Harvey https://t.co/CO4w6JrOwM,03-11-2017 23:13,0,0,Twitter Web Client,87,2322302966,angeliquedamon,angelique,01-02-2014 13:09,animaux.................,3430,1510,,117808,FALSE,,34.35,0.44,No,REAL
71,Houston parade celebrates the Astros' World Series victory just weeks after Hurricane Harvey struck the city‚Ä¶ https://t.co/rX8nLMJVzt,03-11-2017 23:09,0,0,Botize,133,8.50E+17,RafaelCarsv,Rafa Carranza.,05-04-2017 15:57,"El Pueblo debe pensar su pr√≥ximo voto , elegir mal jam√°s nos traer√° el bien .",878,59,El Salvador,21597,FALSE,,24.6,0.07,No,REAL
72,"ISIS is ready 2 announce its responsibility if any thing occurs 
even if Irma or harvey hurricane strike America they say we did it",03-11-2017 23:01,3,10,Twitter Web Client,131,530042421,DrDimashqiah,ÿØ.ÿπÿ®ÿØ ÿßŸÑÿ±ÿ≠ŸÖŸÜ ÿØŸÖÿ¥ŸÇŸäÿ©,20-03-2012 01:06,"ÿßŸÑÿ≠ÿ≥ÿßÿ® ÿßŸÑÿ±ÿ≥ŸÖŸä ŸÑŸÑÿ¥ŸäÿÆ ÿØ. ÿπÿ®ÿØÿßŸÑÿ±ÿ≠ŸÖŸÜ ÿØŸÖÿ¥ŸÇŸäÿ©

ÿ±ÿ≥ÿßŸÑÿ© ÿßŸÑÿØŸÉÿ™Ÿàÿ±ÿßŸá ÿßÿ≥ÿ™ÿØŸÑÿßŸÑ ÿßŸÑÿ¥Ÿäÿπÿ© ÿ®ÿßŸÑÿ≥ŸÜÿ© ÿßŸÑŸÜÿ®ŸàŸäÿ© ŸÅŸä ŸÖŸäÿ≤ÿßŸÜ ÿßŸÑŸÜŸÇÿØ ÿßŸÑÿπŸÑŸÖŸä

ŸÑÿ±ÿØ ÿßŸÑÿ¥ÿ®Ÿáÿßÿ™ ŸàÿßŸÑÿ™ŸàÿßÿµŸÑ
ÿ£ŸäŸÖŸäŸÑ : info@dimashqiah.org",308521,465,,44792,FALSE,http://t.co/olT6UGxMcu,0.15,0,Yes,FAKE
73,Marcus Mathews is still looking for a job 2 months after Hurricane Harvey destroyed his business. His inspiring mes‚Ä¶ https://t.co/PoFLaGGfTa,03-11-2017 22:56,0,0,Twitter for iPhone,140,525842639,TiffanyAlaniz,Tiffany Alaniz,15-03-2012 23:21,FOX23 News at Noon Anchor and reporter,2467,570,Livin on Tulsa Time ,9629,TRUE,,3.9,0.23,No,FAKE
74,The considerable #livestock and #crop damage done by Hurricane Harvey. https://t.co/szbVknE8lU @AGDAILYMedia,03-11-2017 22:45,0,0,HubSpot,108,121555391,AllianceTire,Alliance Tire,09-03-2010 21:45,"A leader in the distribution and sales of agricultural, forestry, construction, and OTR tires under the Alliance, Galaxy, and Primex brand names.",2112,2260,Americas,7825,FALSE,http://t.co/S55lrGprlA,3.71,1.07,Yes,REAL
75,SPCA Fetches Hurricane Harvey Survivors https://t.co/qdGSieCQsk,03-11-2017 22:43,0,0,IFTTT,63,347901130,wahsnews,Western Hemisphere,03-08-2011 15:08,The official account of the student news site of Western Albemarle High School. Have a story? Tag us @wahsnews,220,43,"Crozet, Virginia",685,FALSE,https://t.co/0DafCnVLBE,3.11,0.2,Yes,REAL
76,Minority Communities Suffer from Storms as GOP and Trump Admin Promote Oil and Gas https://t.co/lgoYvubBQB,03-11-2017 22:43,0,0,Facebook,106,589762084,CCSC2,CCSC,25-05-2012 06:47,,50,79,"Culver City, CA",6241,FALSE,http://t.co/oxq8oLe0ci,124.82,1.58,Yes,FAKE
77,"ASSISTANCE IS STILL AVAILABLE FOR HURRICANE HARVEY SURVIVORS

FEMA housing programs are beginning to be rolled... https://t.co/V1LI1ErOi3",03-11-2017 22:40,0,0,Facebook,137,29642245,scottjengle,MCPR,08-04-2009 04:38,"News videographer in Montgomery County(Conroe), Texas",1698,17,"Conroe, Tx",26431,FALSE,https://t.co/lRA53FPqhF,15.57,0.01,Yes,REAL
78,"RT axios ""RT erica_pandey: As of Oct. 25, FEMA has given $2.8bn in flood insurance payouts for Harvey ‚Äî but just $‚Ä¶ https://t.co/2lXP7ceVyG""",03-11-2017 22:38,0,0,IFTTT,140,8.62E+17,UnbreakableAgs,Unbreakable Aggies,11-05-2017 01:54,Democracy dies in hyperbole.,46,46,Texas ,21054,FALSE,,457.7,1,No,FAKE
79,Local church group aids Hurricane Harvey victims during fall break https://t.co/bV93xEE7HW,03-11-2017 22:34,2,1,glasgowdailytimes.com,90,39091971,GDTKYnews,Glasgow Daily Times,10-05-2009 18:38,"For news in Glasgow, Ky. and surrounding areas. Editor: @DSuddeathGDT Reporters: @moverstreetGDT @gkinslow and @WPerkinsGDT Sports: @GDTKYsports @jaysiskin",3059,654,"Glasgow, KY",22886,FALSE,https://t.co/G8FO6sasnD,7.48,0.21,Yes,REAL
80,"Hurricane Harvey Port Arthur, Texas Recovery Effort Seen By Drone: https://t.co/0Sg2r7H49K via @YouTube",03-11-2017 22:28,0,0,Google,103,2804112536,Skygear2017,Skygear Solutions,11-09-2014 18:21,"Aerial Multirotor Sales, Service, Education, and Training",806,611,"Wilmington, Delaware USA",1569,FALSE,http://t.co/8f0eVr4ce8,1.95,0.76,Yes,FAKE
81,"https://t.co/pX4Fug7eJE
Horror collection benefitting those affected by Hurricane Harvey!  Get your copy now..‚Ä¶ https://t.co/O3awKLJFiX",03-11-2017 22:27,0,0,Twitter Web Client,135,7.53E+17,AlucardPress13,Alucard press,12-07-2016 09:51,Come check out C.S Andersons books!,3722,4978,,2827,FALSE,https://t.co/WfKLAQSiYk,0.76,1.34,Yes,FAKE
82,"Riverview Elementary set a goal to raise money for Hurricane Harvey and Irma victims and raised over $1,000.‚Ä¶ https://t.co/yZ355mHWI4",03-11-2017 22:15,0,0,SocialNewsDesk,133,9.05E+17,mmitrovic_waow,Mimi Mitrovic,05-09-2017 20:15,Wisconsin native. UWSP grad.,19,68,Wausau,43,FALSE,,2.26,3.58,No,FAKE
83,The effect of Hurricane Harvey is being felt all over the country. The outpouring of support and donations has been‚Ä¶ https://t.co/9JO6FMZZRo,03-11-2017 22:12,0,0,dlvr.it,140,204874211,LuvChristMusic,iLoveChristianMusic,19-10-2010 17:09,Your source for awesome Christian music!,336,115,,4737,FALSE,http://t.co/XsblRHRRQG,14.1,0.34,Yes,REAL
84,The city of Houston deserves this after everything they've been through with Hurricane Harvey #MLB https://t.co/JRiCcPxvX4,03-11-2017 22:08,0,0,Twitter for iPhone,122,1575448837,SoleSurvivorYap,Jeremiah Yap,07-07-2013 15:36,I pretty much tweet about TV with some sports here and there. Proud citizen of Rob Has A Planet. SSY Fantasy is my doing. University of Texas at Austin alum,455,501,Exile Beach,37939,FALSE,https://t.co/zWYmOD4B43,83.38,1.1,Yes,REAL
85,Artist Jermaine Rogers Hosts Hurricane Harvey Benefit Auction https://t.co/34xJ799Oyn https://t.co/6t84GWURC2,03-11-2017 22:08,2,2,Twitter for iPhone,109,20553814,Free_Press,Free Press Houston,10-02-2009 22:40,"Free Press Houston is not another newspaper about arts and music but rather a newspaper put out by artists and musicians. We do not cover it, we are it.",43853,754,"Houston, TX",10496,FALSE,https://t.co/FvTLlSR919,0.24,0.02,Yes,FAKE
86,Click here to support Housing Hurricane Harvey Relief organized by Osmel Liriano https://t.co/5HaroGGZGU,03-11-2017 22:07,0,0,Crowdfire - Go Big,104,2246752460,EMSBxF,Chris Olsen,15-12-2013 06:33,im going to be using this account to promote the nonprofit im working on called operation first responder recovery. Name may change,3330,3099,"Port Richey, FL, United States",2656,FALSE,https://t.co/M2y7jPGyjL,0.8,0.93,Yes,FAKE
87,#HustleTown #EarnHistory What an Astros win means for healing in Houston https://t.co/NA1o37hVpL,03-11-2017 21:57,1,1,SocialOomph,96,3072764390,AstrosSupport,Houston Astros Fans,11-03-2015 09:13,Houston Astros Fan Page. NOT linked to Official Houston Astros #TeamAstros #AstrosNation #CrushCity #GoStros #HoustonAstros #Astros #HustleTown #EarnHistory,5679,3033,,46291,FALSE,,8.15,0.53,No,REAL
88,"Rapper Paul Wall celebrates @astros World Series win: ""From Hurricane Harvey to a party!"" Because that's how we rol‚Ä¶ https://t.co/v4VIWHe0bx",03-11-2017 21:56,0,0,Twitter Web Client,140,49789211,JoeLeydon,Joe Leydon,22-06-2009 22:24,"Film critic/historian, journalist, educator and bon vivant. Like a bird on the wire or a drunk in a midnight choir I have tried in my way to be free.",2538,1370,Houston,38949,FALSE,http://t.co/Cy0PQkCZD2,15.35,0.54,Yes,REAL
89,Collision Repair Instructor Shares Experience of Hurricane Harvey https://t.co/PZL5TlrZLX #harvey https://t.co/7CRoccgn31,03-11-2017 21:55,0,0,Hootsuite,121,318583914,autobodynews,Autobody News,16-06-2011 18:26,Your source for the latest REGIONAL & NATIONAL collision repair news!,2131,1998,"Carlsbad, CA",3542,FALSE,http://t.co/avToUnbVFB,1.66,0.94,Yes,FAKE
90,Chip and Joanna Gaines Help 81-Year-Old Victim of Hurricane Harvey Rebuild Her Home https://t.co/ikWiZaHuE7,03-11-2017 21:53,0,1,Twitter Web Client,107,42732678,BCNbcn,BreakingChristianNew,26-05-2009 21:52,"Breaking Christian News: Be Informed, Inspired, Intrigued with Breaking Christian News",6158,11,Global,9471,FALSE,http://t.co/tgvIsrdUDQ,1.54,0,Yes,REAL
91,Deshaun Watson gives back to Houston families impacted by Hurricane Harvey https://t.co/nQadBIfMUb,03-11-2017 21:47,0,0,Facebook,98,2496935612,TargetUpInsuran,Mercury Insurance,15-05-2014 18:50,Cheap Car Insurance,254,1012,"California, USA",2417,FALSE,https://t.co/t6ZHpycqmC,9.52,3.98,Yes,REAL
92,New: How ARPA-E Tech Helped Detect Hurricane Harvey's Hidden Hazards https://t.co/91OvU1s8Q5 #BuzzDrone #UAV,03-11-2017 21:44,0,0,IFTTT,108,2169086714,buzzdrone,BuzzDrone,01-11-2013 21:06,"Online community for drone and uav hobbyists, enthusiasts, and professionals. Drone related startups get linked to and talked about on http://t.co/Ddz2O908e9",1539,97,,72117,FALSE,http://t.co/cBo2jDPrzS,46.86,0.06,Yes,REAL
93,Houston bounced back from hurricane Harvey with a World Series üôåüèΩ,03-11-2017 21:38,0,1,Twitter for iPhone,65,247570905,iAm_a_outsider,The Outsider,05-02-2011 02:38,The Gifted Introvert,3477,3443,"Houston, TX",64012,FALSE,https://t.co/yGZioNk0ip,18.41,0.99,Yes,REAL
94,"Spurs owner Peter Holt donates $20,000 to help rebuild basketball court in Port Aransas after Hurricane Harvey https://t.co/ln1nKf3O1k",03-11-2017 21:38,0,0,San Antonio Now,134,58101529,SanAntonioCP,San Antonio Now,19-07-2009 02:46,Breaking news and weather updates from San Antonio.,3271,13,"San Antonio, TX",205746,FALSE,https://t.co/8UsliJ0sdU,62.9,0,Yes,FAKE
95,"Performance Truck helps raise more than $200,000 for employees after Hurricane Harvey #TruckingCares #Kenworth https://t.co/z1A770NYcn",03-11-2017 21:38,0,0,Buffer,134,1002122054,cittrucks,CIT Trucks,10-12-2012 17:36,"We offer heavy and medium-duty trucks, the most complete inventory of equipment and the hightest quality of mechanical and body repair services available.",194,101,,632,FALSE,http://t.co/uoM5VLcATx,3.26,0.52,Yes,FAKE
96,"Out on the beach in Texas City, Texas, after Hurricane Harvey, Preet Desai encountered a nightmarish sea creature https://t.co/UcHohQE4cp",03-11-2017 21:33,0,0,Hootsuite,137,17680940,pdougmc,Douglas Pierre,27-11-2008 15:44,"Retired, Interests: Gardening, photography, classical music, Astronomy, bicycling, Politics",350,1029,"Spring, TX , USA",47759,FALSE,,136.45,2.94,No,REAL
97,"After a Houston pastor lost his church and SUV to Hurricane Harvey, Ford came to his aid. Find out how they helped: https://t.co/RafhTiGHuL",03-11-2017 21:30,0,0,Hootsuite,139,121881757,northbros,North Brothers Ford,10-03-2010 22:33,North Bros Ford is a premier Ford dealership proudly serving the Southeast Michigan area with exceptional customer service. Stop by sometime for a test-drive!,616,1025,"Westland, MI",27295,FALSE,https://t.co/WhSj6UwlBJ,44.31,1.66,Yes,REAL
98,Hurricane Harvey hero 'Mattress Mack' out $10 million after offering refunds if Astros won https://t.co/Ej5zbT6I6g,03-11-2017 21:25,0,0,Google,114,4665015387,VCZNews,VECEZ,31-12-2015 13:45,We must #GoThere and tell the most troublesome stories. Accompany us!,14968,126,,42992,FALSE,https://t.co/w2oWr9DLOL,2.87,0.01,Yes,FAKE
99,"""Faith in the Water"" releases today!  All proceeds go to Hurricane Harvey relief efforts.  It features past RWP... https://t.co/rZbAZS4Tny",03-11-2017 21:21,0,0,Facebook,138,1170842118,RWPoffroad,RWPoffroad,12-02-2013 04:12,"#RednecksWithPaychecks // 1,200 acres of Off-Roading Amusements and Attractions // Mud, Rocks, Music, Camping, and Friends",1284,368,"Saint Jo, Texas",1868,FALSE,https://t.co/WiJG9YS2RZ,1.45,0.29,Yes,REAL
100,Hurricane Harvey could cause North Texas building prices to¬†rise https://t.co/aW6uQv6kaX,03-11-2017 21:19,0,0,WordPress.com,88,7.38E+17,PearlandSource,The Pearland Source,31-05-2016 16:15,"The premier online lifestyle news source for Pearland, TX and beyond!",62,10,"Pearland, TX",544,FALSE,https://t.co/JC7nyBZGfI,8.77,0.16,Yes,REAL
101,"NOAA hurricane MAP reveals paths of Hurricane Harvey, Irma, Maria, Lee, Ophelia and MORE #TODAY https://t.co/HXNL2qKYmm",03-11-2017 21:18,1,0,Report 24 UK,119,2840378924,ReportUK,Report UK,04-10-2014 16:07,"Breaking, World, UK and Local News",30968,4120,U.K.,1392946,FALSE,https://t.co/AczGMuGVEe,44.98,0.13,Yes,FAKE
102,There was 51 inches of rain in Houston during hurricane Harvey.  Dodgers lost 5-1 game 7. Coincidence?,03-11-2017 21:06,0,2,Twitter for Android,102,475408957,Eazzy_Eee,E,27-01-2012 01:15,,299,225,,27990,FALSE,,93.61,0.75,No,REAL
103,From TechYaYa Archives Local Hurricane Harvey Charities to Donate To https://t.co/SR9DoEZBPW,03-11-2017 21:00,0,0,Evergreen Post Tweeter,92,2471486053,TechYaYaBlog,TechYaYa,30-04-2014 20:46,"Tech YaYa is a tech blog highlighting the latest social media, tech & start ups for curious & enterprising readers who want to stay one step ahead of the game.",5150,277,Worldwide,10630,FALSE,https://t.co/aKDADenQX8,2.06,0.05,Yes,REAL
104,Did you know? Our FHA 203(h) Mortgage offers relief to Hurricane Harvey and Hurricane Irma victims. https://t.co/9saXJ3kwax,03-11-2017 21:00,0,0,Hearsay Social,123,118164929,Mandee805,Mandy Fritsche,27-02-2010 20:15,"Loan Consultant | NMLS # 557211
Specializing in FHA, FHA 203k Rehab loans also offer VA Renop & HomeSTYLE Reno",93,116,"Wisconsin, USA",680,FALSE,https://t.co/S7biRzig8n,7.31,1.25,Yes,REAL
105,Thank you cards from Baytown JH  students. CISD donated composition notebooks to replenish supplies lost during Hur‚Ä¶ https://t.co/llyjURy2D9,03-11-2017 20:58,0,1,Twitter Web Client,140,1641337429,ConnallyISD,Connally ISD,02-08-2013 21:00,Connally Independent School District is a 4A Texas public school district located in McLennan County.,625,291,"Waco, TX",1530,FALSE,https://t.co/YXtr7XbCFw,2.45,0.47,Yes,FAKE
106,See the difference #RedCross volunteers &amp; donors have made over the past two months to help those affected by‚Ä¶ https://t.co/plrOOpQWU5,03-11-2017 20:55,0,0,Twitter for Android,138,17983739,RedCrossDFW,Red Cross DFW,09-12-2008 04:20,"Info & resources on Metroplex weather, disaster relief & events from the American Red Cross. Now tweeting:",15361,2788,United States,15557,TRUE,https://t.co/4qIxyiKVk9,1.01,0.18,Yes,REAL
107,"Super bowl in Houston, Hurricane Harvey hit Houston, and now the Astros are the World Series Champs. 2017 is def a year to remember ü§òüèΩ‚ù§Ô∏è",03-11-2017 20:45,0,3,Twitter for iPhone,136,327157969,dollyKAT_14,Tsedale,01-07-2011 02:52,üá™üáπ HBU School of Nursingüíâ,586,429,"Houston, TX",16985,FALSE,,28.98,0.73,No,REAL
108,"#ProTip: If affected by Hurricane Harvey, make sure to check with your schools for updated deadlines for apps and supplemental material",03-11-2017 20:42,4,0,Twitter Web Client,135,4203477373,ApplyTexas,ApplyTexas,11-11-2015 17:07,Apply to colleges and universities in Texas! Our help desk is applytexas@austin.utexas.edu. Drop us a line!,657,207,"Texas, USA",365,FALSE,https://t.co/ZJFSycIIw3,0.56,0.32,Yes,REAL
109,"HP to move employees to Chippewa Falls because of Hurricane Harvey flooding 
https://t.co/ZESh7M6I5j",03-11-2017 20:40,2,0,SocialNewsDesk,100,16473779,WQOW,WQOW News 18,26-09-2008 20:09,Eau Claire's Own: Digging Deeper into issues that affect the Chippewa Valley; tracking storms day & night; covering local sports like no one else.,14104,315,"Eau Claire, Wisconsin",43804,TRUE,https://t.co/3wDNjsynWP,3.11,0.02,Yes,REAL
110,"Heartbreaking story of families dealing with aftermath of Hurricane Harvey, months later. Excellent work @rfelliott 
https://t.co/2cvpvpwnot",03-11-2017 20:30,12,12,Twitter Web Client,140,14324883,mizzousundevil,Matt Dempsey,07-04-2008 17:15,"Data reporter on the investigative team  @HoustonChron . Never belaborous. Chasing fuckuppery. Don't be Derpy, FFS.

RT ‚â† endorsements",6642,1441,"Houston, TX",13406,TRUE,https://t.co/eepxZEJMoR,2.02,0.22,Yes,REAL
111,Damaged homes in Houston following Hurricane Harvey have become the subject of a new #realestate investment trend:‚Ä¶ https://t.co/y9fZVHigMr,03-11-2017 20:30,0,0,Emphatic,139,7.26E+17,propforce,Property Force,28-04-2016 20:20,,17,11,,286,FALSE,,16.82,0.65,No,REAL
112,"At a @SWACUHO /TACUP conference, in-plants learned how to prepare for natural disasters in the aftermath of Harvey. https://t.co/Q0vxarKBto",03-11-2017 20:24,0,0,Hootsuite,139,33990473,IPGBob,In-Plant Graphics,21-04-2009 18:26,"In-Plant Graphics is the leading resource for in-plant printers. 

Bob has served as editor of In-Plant Graphics since October of 1994.",1090,251,Philadelphia,1716,FALSE,http://t.co/TIDRL9zVlN,1.57,0.23,Yes,REAL
113,Click here to support Christmas for hurricane harvey kids organized by Judith Handy https://t.co/cdvQ6nS83P,03-11-2017 20:21,0,0,Facebook,107,865032542,mlartique,Michael  lartique,06-10-2012 17:35,,30,95,,575,FALSE,,19.17,3.17,No,FAKE
114,"HIV Hurricane Relief Effort is accepting applications for support from orgs affected by Irma, Maria, and Harvey!‚Ä¶ https://t.co/RKzB0xaqp3",03-11-2017 20:15,2,0,Buffer,137,94103877,AIDS_United,AIDS United,02-12-2009 14:49,"Ending the U.S. HIV/AIDS epidemic through grantmaking, capacity-building, technical assistance and advocacy",16503,3554,"Washington, D.C.",13539,TRUE,http://t.co/tbW4F6unj5,0.82,0.22,Yes,REAL
115,"In Houston, Escalating Climate Costs Come Due in Harvey Recovery https://t.co/k0ebOJxGgX",03-11-2017 20:15,0,0,Twitter Web Client,88,15717071,RawDawgBuffalo,thoughtcrime,04-08-2008 02:08,"#Father #writer #dogonpriestonbail #scientist [Torrance Stephens, PhD] Donate Bitcoin: 163jCMr5GQwivrZZqDDgqkMGeYtnGLNuAX or 1LqPZXxGJkaD7FGXxQYumW7oGfHWMpES85",8254,164,#partsunknown,492415,FALSE,https://t.co/9tUg7U6v7o,59.66,0.02,Yes,REAL
116,"When #HurricaneHarvey hit the Gulf Coast and Houston, San Antonians stepped in to help: https://t.co/RpHkLUth0e‚Ä¶ https://t.co/dxDwF6QINs",03-11-2017 20:12,3,5,TweetDeck,136,51103360,SanAntonioMag,San Antonio Magazine,26-06-2009 15:38,"With more than 100,000 readers in San Antonio and the Hill Country, San Antonio Magazine is the city's premier lifestyle publication.",44887,9184,"San Antonio, Texas",8820,FALSE,http://t.co/LBKwmiCst9,0.2,0.2,Yes,REAL
117,Hawaii Loves Texas:  Hawaii Natives Turned Texans Help During Hurricane Harvey: https://t.co/QgUoUSAruG,03-11-2017 20:08,0,0,Hawaii.com Twitter Login,103,1702397773,lizzielou409,Elizabeth,26-08-2013 16:35,,45,278,,12874,FALSE,,286.09,6.18,No,REAL
118,Buyouts Won‚Äôt Be the Answer for Many Frequent Flooding Victims https://t.co/V1hKdI8j3t,03-11-2017 20:05,0,0,Meet Edgar,86,624573,adammonago,Adam Monago,11-01-2007 07:13,"Head of Digital Marketing at @ICF. Darth Daddy. Plant whisperer. Passionate about #digitalstrategy, #analytics, #contentstrategy and #design. Opinions my own.",2719,2503,"Reston, VA",23508,FALSE,https://t.co/faqKx6mAqy,8.65,0.92,Yes,REAL
119,‚ÄúYellowhammer has taken its infrastructure and connections to service those affected by hurricanes.‚Äù https://t.co/20ckWf8hHH,03-11-2017 20:00,0,0,Hootsuite,124,8.62E+17,YellowhammerAlt,The Yellowhammer Alt,09-05-2017 02:55,We exist to provide marginalized groups with an alternative to the systemically oppressive ideology and practices that many have become accustomed.,2132,88,"Mobile, AL",748,FALSE,,0.35,0.04,No,FAKE
120,#Healthcare Providers Rely on Health IT to Mitigate Disruptions to Care via @HCInformatics https://t.co/E97OE9KzOn,03-11-2017 20:00,1,1,Sprinklr Prod2,114,18040577,NTTDATAServices,NTT DATA Services,11-12-2008 04:23,"NTT DATA Services is a division of NTT DATA Corporation, a top 10 global business and IT services provider with 110,000+ professionals in 50+ countries.",28418,2206,Global Reach,16198,TRUE,https://t.co/16B0YqL3f9,0.57,0.08,Yes,FAKE
121,"#BYU &amp; New Mexico's charity exhibition raised over $21,000 for Hurricane Harvey relief. https://t.co/nBwhlt5CRZ",03-11-2017 19:56,3,31,TweetDeck,115,27748272,Mitch_Harper,Mitch Harper,30-03-2009 22:32,EP @espn960sports | Covering BYU sports at @Rivals_BYU | Host @Cougar_Center | @KSLcom & @AthlonSports Contributor,6561,941,Salt Lake City,66351,TRUE,https://t.co/9v3fvH0W0b,10.11,0.14,Yes,FAKE
122,"The BYU/UNM exhibition hoops game last week will result in UNM writing check for $21,147.60 to @greaterhoucf Hurricane Harvey relief fund.",03-11-2017 19:55,11,69,TweetDeck,138,327794592,GeoffGrammer,Geoff Grammer,02-07-2011 04:56,"I'm a dad. And in my spare time I cover college hoops and everything else for @ABQjournal. And to save you some time, I blame me, too.",5991,958,"Albuquerque, N.M.",70260,FALSE,https://t.co/XNYNYMwoWh,11.73,0.16,Yes,FAKE
123,"UNM announces over $21,000 was raised for Hurricane Harvey relief efforts from its exhibition game with BYU. #GoLobos",03-11-2017 19:55,2,3,Twitter for iPhone,117,2878690704,RealDavidLynch,David Lynch,26-10-2014 21:09,@KOB4 Web Producer/Previously @DailyLobo //Movie critic/Runner/Baseball Fan/@UNM '17/RTsNotEndorsements/dlynch@kob.com// I tell stories. What's yours?,562,569,"Albuquerque, NM ",3938,FALSE,https://t.co/bx6e96jmzr,7.01,1.01,Yes,FAKE
124,"The UNM-BYU exhibition basketball game generated $21,147.60 to donate to the Hurricane Harvey Relief Fund.",03-11-2017 19:53,1,4,Twitter Web Client,106,61630300,KOBSports,J.P. Murrieta,30-07-2009 23:25,J.P. Murrieta is the Sports Director at KOB Eyewitness News 4 and the host of New Mexico GameDay for high school action every Friday night at 10:30 p.m.,4843,567,"Albuquerque, NM",15146,TRUE,http://t.co/qPAlk1z60Z,3.13,0.12,Yes,FAKE
125,Two months ago the streets in downtown were flooded from Hurricane Harvey. Now a flood of Astros orange #HoustonStrong #EarnedHistory,03-11-2017 19:53,0,4,Twitter for iPhone,133,22972923,JaelBandaH,Jael Hamilton ŸÜ,05-03-2009 20:26,just fanning the flame,381,528,,9178,FALSE,,24.09,1.39,No,REAL
126,Houston went from being destroyed by Hurricane Harvey to winning the Wold Series. So incredible. #HoustonStrong,03-11-2017 19:52,0,0,Twitter for iPhone,111,8.02E+17,alligriffiths_,Alan,24-11-2016 01:50,fitness enthusiast ‚Ä¢ burger connoisseur ‚Ä¢ cat mom ‚Ä¢ poet üå∏,512,452,"Texas, USA",2371,FALSE,https://t.co/XBHouRq1CY,4.63,0.88,Yes,REAL
127,Calvin Harris Shows Support By Donating To Families And Victims Of Las Vegas Shooting: https://t.co/6klgj6aORn,10/17/2017 0:15,0,0,IFTTT,110,8.34E+17,PopMusicFeed,Pop Music Feed,2/21/2017 2:12,"A non-stop faucet of breaking Pop Music Headlines and News. (alerts from hundreds of sources.) For real, over 100k tweets. Can you handle it? Run by @CageShow",127,2,,111653,FALSE,,879.1574803,0.015748031,No,REAL
128,"A WEEK AFTER LAS VEGAS SHOOTING, FESTIVALGOER OPENS UP ABOUT SURVIVOR'S GUILT - https://t.co/SJdeDvIRmS https://t.co/h7wNyL146l",10/17/2017 0:15,0,0,jani7,127,8.39E+17,anubabei,anu,03-08-2017 06:48,,2623,4616,,14105,FALSE,,5.377430423,1.759817003,No,REAL
129,"Las Vegas gunman stockpiled weapons over decades, planned attack https://t.co/ybXKULByE4",10/17/2017 0:14,0,0,Prescie≈ãt Info,88,362768080,PrescientSite,Prescie≈ãt Info,8/26/2011 23:29,"Social media marketing at its very best.

#TeamFollowBack #TFBJP #MGWV #RT #RETWEET #FOLLOW #followback #followme",2643,365,Worldwide,58320,FALSE,https://t.co/qo4eDnWb6C,22.06583428,0.138100643,Yes,REAL
130,CODE RED-The TRUE Las Vegas Attack Timeline - YouTubeüá∫üá∏üá∫üá∏Vegas PD dispatch of shooting https://t.co/CwIXBgKnuY,10/17/2017 0:13,0,0,Twitter for iPhone,110,4828502071,amandamoe398,Amanda,1/29/2016 2:37,"Paramedic, #thinblueline,#MAGA, üá∫üá∏üá∫üá∏üá∫üá∏TRUMPüíãüíãüíãfaith n family",1461,3150,"Michigan, USA",7175,FALSE,,4.911019849,2.156057495,No,FAKE
131,Because Democrats are scumbag who use tragedy to infringe on our rights. At least let us know why.... https://t.co/i5QA4JDe8c,10/17/2017 0:13,0,0,Twitter for Android,125,898728732,mikepfingston2,PissedOffPeasant,10/23/2012 0:12,"I yell at clouds....   Praying for Aspergers....

#2A....

7.62x39....

Pass an amendment to abolish the 2A or else STFU....",5532,5699,,148021,FALSE,,26.75723066,1.030187997,No,FAKE
132,@Andrew__Caruana @ChelseaClinton @DLoesch Did any 2G people hang their heads in shame after Las Vegas shooting on Oct. 1?,10/17/2017 0:13,0,0,Twitter Web Client,121,772958233,rio_mir,MirMoy,8/22/2012 5:39,Journalism. Justice. Truth and beauty. Rock 'n' roll.,75,337,"St Louis, MO",382,FALSE,,5.093333333,4.493333333,No,FAKE
133,"So...the only so called ""witness"", the security guard from the Las Vegas shooting, goes missing?!...this is getting sketchy day by day. ü§î",10/17/2017 0:12,0,0,Twitter for iPhone,137,304743696,DonnieReed,D Reed,5/25/2011 1:35,"Easy, laid back...staying fit...and cruisin around the streets in style! I enjoy almost anything, open-minded guy...digg photography!! Instagram: Donomoko",39,20,"Las Vegas, NV",1965,FALSE,,50.38461538,0.512820513,No,REAL
134,Las Vegas Shooting Security Guard Jesus Campos Disappears Without A Trace After Bailing On TV Interviews https://t.co/EbGBpkcvmS,10/17/2017 0:11,0,0,IFTTT,128,347766240,DContented,Digitally CONTENTed,08-03-2011 09:44,Curator of legit social media content #NotFakeNews,4452,427,Worldwide,168082,FALSE,,37.75426774,0.09591195,No,REAL
135,Las Vegas survivor has baby 2 days after shooting https://t.co/i0LHTejARM,10/17/2017 0:11,0,0,Houston Now,73,55823412,Houston_CP,Houston Now,07-11-2009 12:47,Breaking news and weather updates from Houston.,3892,27,Houston,224635,FALSE,https://t.co/kDo0Zv5a0K,57.71711202,0.006937307,Yes,REAL
136,Local survivors of Las Vegas mass shooting recovering https://t.co/oY26K6D4NA,10/17/2017 0:11,0,0,dlvr.it,77,3315680894,SanMarcosKick,San Marcos Kick,8/15/2015 5:45,"Promoting #SanMarcosCA Local News, Companies, and Weather. #SanMarcos #SanDiego #92069 #92078",69,88,"San Marcos, CA",4562,FALSE,,66.11594203,1.275362319,No,REAL
137,VIDEO: Health Ranger demands FBI stop lying to America about the Las Vegas shooting ‚Äì https://t.co/MmLz5g7nRI https://t.co/9TLLbtkPTq,10/17/2017 0:09,0,0,Twitter Web Client,133,386702427,xprofdefrancais,Al Saukaitis,10-07-2011 18:57,"French/Spanish Teacher Bishop Neumann H.S., Saint John Neumann H.S., Ss John Neumann & Maria Goretti H.S. (Retired)",497,942,"Pennsylvania, USA",11213,FALSE,,22.56136821,1.895372233,No,REAL
138,"Las Vegas Mass Shooting Eye Witnesses Die or Disappear (Oct. 15, 2017). Huge coverup! #LasVegasShooting https://t.co/frJQ6jBhJz",10/17/2017 0:08,0,0,IFTTT,127,53500529,BruxariaNordica,Bruxaria Alem√£,07-03-2009 21:13,Germanic Witchcraft,11135,11194,Brasil,12494,FALSE,,1.122047598,1.005298608,No,FAKE
139,"Las Vegas Shooting Eyewitness frm Planet Hollywood near Bellagio - more than 1 shooter 
https://t.co/AKqHD9Mhky https://t.co/1i2N7VpgHp",10/17/2017 0:08,0,0,Crowdfire - Go Big,135,8.38E+17,ReachEchoVoice,Echo Voice,03-03-2017 14:26,"Political/Social Correspondent, Commentator, Blogger üëâ Check Out My YT: https://t.co/gxowHot70w & Patreon üíú: https://t.co/0V9o9aQ54t #Patriot",89,199,USA,3131,FALSE,https://t.co/Mfx2xslMt7,35.17977528,2.235955056,Yes,FAKE
140,@tedlieu = king of T&amp;P - Maher rips Republicans over 'thoughts and prayers' after Las Vegas shooting https://t.co/0k86cghqrt,10/17/2017 0:07,0,0,Twitter Web Client,128,8.54E+17,CADISTRICT33,CA District 33,4/16/2017 20:07,Future PAC of California's 33rd Congressional District Candidate to run against Ted Lieu in 2018 - The countdown begins now.,418,904,"Torrance, CA",1264,FALSE,https://t.co/DTIUccS5pU,3.023923445,2.162679426,Yes,REAL
141,Correction: Las Vegas Shooting Again #Lombardo's newest version of events aligns w/MGM I SAY BOYCOTT ALL #LV hotels https://t.co/kPJ768uwC6,10/17/2017 0:07,0,0,Twitter Web Client,139,8.43E+17,Dem0crat4Life,PJ,3/18/2017 12:21,#ImStillWithHer #Resist,1083,1300,"California, USA",15709,FALSE,,14.50507849,1.200369344,No,FAKE
142,TIP VOLUNTEERS RESPOND TO THE LAS VEGAS SHOOTING https://t.co/adRTqZyp0T,10/17/2017 0:07,0,0,Facebook,72,1328479202,OrangeCountyTIP,Orange County TIP,04-05-2013 05:49,"Trained volunteers called by police officers, firefighters, paramedics, and hospital personnel to assist family members and friends following a crisis.",416,613,,1160,FALSE,https://t.co/eHhdWteFbo,2.788461538,1.473557692,Yes,REAL
143,Las Vegas officials again adjust shooting timeline https://t.co/PULpBQdUit,10/17/2017 0:07,0,2,Crowdfire - Go Big,74,8.83E+17,DaytonMAGA,Dayton MAGA,07-05-2017 15:42,"Born and Inspired in #Dayton . Covering #News, #Politics, and #American Culture from the #Heartland üá∫üá∏. Melting snowflakes in the #MiamiValley since 1/20/2017",2385,3526,"Dayton, OH",1329,FALSE,,0.557232704,1.478406709,No,FAKE
144,Crosses honoring Las Vegas shooting victims moving to museum https://t.co/ZImg80MuTY,10/17/2017 0:06,0,0,TweetDeck,84,17602680,KRNV,KRNV,11/24/2008 22:09,KRNV & https://t.co/n8DkOfSgdN updates from around Northern Nevada and the Sierra.,39107,1377,"Reno, NV",65016,TRUE,http://t.co/MsgYUWQKsg,1.662515662,0.035211088,Yes,REAL
145,Trump says 'sick and demented' Las Vegas shooter 'had the wires crossed pretty badly in his brain' https://t.co/RZsmeVHksv,10/17/2017 0:06,2,7,SocialFlow,122,380285402,DailyMail,Daily Mail US,9/26/2011 11:52,Latest news from the US Daily Mail team. We're on Facebook too: https://t.co/hD0PyZHS4Z üá∫üá∏,151047,1863,New York,99557,TRUE,http://t.co/fT7KB2wyqg,0.659112727,0.012333909,Yes,REAL
146,4 Key Las Vegas Shooting Witnesses Are Now Missing Or¬†Dead https://t.co/KZjohjAbFX https://t.co/FK5v1V3tgc,10/17/2017 0:05,0,0,WordPress.com,106,469785324,rhinonever,George T Washington,1/21/2012 0:13,,1539,2396,,21831,FALSE,http://t.co/atXWnrlqvL,14.18518519,1.556855101,Yes,FAKE
147, apparently there was a attack helicopter shooting in Las Vegas when the massacre happened .,10/17/2017 0:05,0,0,Twitter for iPhone,106,2941226993,CrazyPlugz,EastSide Plugz,12/25/2014 20:30,#TrapFicante,229,270,,14062,FALSE,,61.40611354,1.179039301,No,FAKE
148,#KELOInvestigates looks into conspiracy claims about the mass shooting in Las Vegas. https://t.co/1ZhKxSCdvC,10/17/2017 0:05,0,1,SocialNewsDesk,108,16472218,keloland,KELOLAND News,9/26/2008 19:00,KELO-TV: News updates from http://t.co/ZT3Kfra0bh,80046,771,Sioux Falls,114972,TRUE,http://t.co/LRGLHCzEdB,1.436324114,0.009631962,Yes,REAL
149,Woman at Las Vegas shooting loses California home to wildfires - CNN This shld make us count our blessings.  https://t.co/RjCaCvR9am,10/17/2017 0:04,0,0,Twitter for iPhone,132,106285629,VCSP8,Vivian Porretto,1/19/2010 2:25,"Proud Democrat, Union family, Happily married, mother, grandmother, great-grandmother.  Political junkie, LGBT support, legalize Med weed, marriage equality.",1932,3038,"Illinois, USA",33948,FALSE,,17.57142857,1.572463768,No,REAL
150,STL radio DJ in Las Vegas during shooting - https://t.co/9QyQV9r02W,10/17/2017 0:04,0,0,RSSGround,67,111377594,tommy__mac,Tommy Mac,02-04-2010 18:21,Producer | Multi-Genre | Also at: @realmashene,8100,18,"Las Vegas, NV",21560,FALSE,https://t.co/qXyEv57t1G,2.661728395,0.002222222,Yes,FAKE
151,"Government Uses Las Vegas Shooting to Push Warrantless Searches Bill .

https://t.co/d4QIRYXJUb https://t.co/Oz6GWGHoIp",10/17/2017 0:03,1,1,Twitter Web Client,119,449072223,CaptDax,Dax Dushkewich,12/28/2011 18:15,"Patriotism, God & Country,..Freedom !",819,2290,"Tampa,FL",14388,FALSE,http://t.co/Q3DKB37S4s,17.56776557,2.796092796,Yes,FAKE
152,"Eyewitness account of rapid gunfire, muzzle flash, people shot at Tropicana, 'blood on walls': #PsyOp #FalseFlag https://t.co/BDVpQ6fYKa",10/17/2017 0:03,0,0,Twitter for iPhone,136,8.17E+17,zogistani99,zogistani,01-05-2017 13:24,"Pro-Peace, Pro-Truther, anti-BS, anti-Ziocon, so-called ""conspiracy theorist""",411,102,Earth,9284,FALSE,,22.58880779,0.248175182,No,FAKE
153,#culture Crosses honoring Las Vegas shooting victims moving to museum https://t.co/mxvrN7hutC,10/17/2017 0:02,0,0,Hootsuite,93,582036956,WashingtonNews9,Tweety the Jedi Bird,5/16/2012 18:01,Sharing the latest news in #Washington for our tweeps. Here is a short clip about us @bhivec2: https://t.co/OTHn1KV2rk. #bhive #savethebees #marketing,2863,1877,"Bethesda, MD",16997,FALSE,http://t.co/h4cAXjEQ,5.936779602,0.655606008,Yes,REAL
154,"Was the Las Vegas shooting carried out by ISIS? Pod Three

https://t.co/8KqMsiv9Df

#FreeSpeech",10/17/2017 0:00,2,2,Hootsuite,95,187626904,jongaunt,Jon Gaunt,09-06-2010 18:59,"Podcast Host, Talk Radio Host and Columnist. Listen to my radio station https://t.co/hFQQecG9cF on our free app. Download app here https://t.co/hFQQecG9cF",31681,1922,Leamington London,78463,FALSE,https://t.co/jbeZe6Dqx4,2.476657934,0.060667277,Yes,FAKE
155,The psychological aftermath of mass shootings. ‚û® https://t.co/pkrxNXEL3W @washingtonpost #mentalhealth #psychology,10/17/2017 0:00,0,0,Hootsuite,114,4184231653,dgsomucla,DGSOM at UCLA,11-09-2015 23:21,Official account for the David Geffen School of Medicine at UCLA.,728,136,"Los Angeles, CA",909,FALSE,https://t.co/hPVJupjr2f,1.248626374,0.186813187,Yes,REAL
156,"Just off the Las Vegas Strip, tourists can fire guns similar to the ones Stephen Paddock used to kill 58 people. https://t.co/f7nfASBP91",10/17/2017 0:00,7,1,Hootsuite,136,3243500510,teamtrace,The Trace,06-12-2015 17:43,A nonprofit newsroom dedicated to shining a light on America's gun violence crisis. Sign up for our newsletter: https://t.co/jpNdYjvjdO,18361,2062,,14552,TRUE,http://t.co/RQnKRPPfdS,0.792549425,0.112303251,Yes,FAKE
157,"Nearly 1,400 people were shot in the US during the week following the #LasVegasShooting https://t.co/aFXlRBlAjh",10/16/2017 23:59,1,1,Twitter Web Client,111,18869909,metacode,metacode,01-11-2009 15:46,Geopolitics (War Media Propaganda Money Development Greece) Tech (AI Algorithms Big Data Robotics FOSS 3D Printing Cyberwar OSINT Privacy GMO Sci4D ICT4D),721,25,Southeast EU,31124,FALSE,https://t.co/KmLTLjLP4M,43.16782247,0.034674064,Yes,REAL
158,Las Vegas tourism sees changes in aftermath of shooting https://t.co/OalmQT4xpG,10/16/2017 23:58,0,0,IFTTT,79,194499826,k3shtk4r,Mohammad Keshtkar,9/24/2010 8:29,https://t.co/dYkrPnSMxE https://t.co/LD9JaPddEL,370,99,,868657,FALSE,https://t.co/C11vPYu5Tq,2347.721622,0.267567568,Yes,REAL
159,Las Vegas Shooting Near Mandalay Bay Casino Kills More Than 20 https://t.co/q3EgSrZJ69,10/16/2017 23:58,0,0,Prescie≈ãt Info,86,362768080,PrescientSite,Prescie≈ãt Info,8/26/2011 23:29,"Social media marketing at its very best.

#TeamFollowBack #TFBJP #MGWV #RT #RETWEET #FOLLOW #followback #followme",2643,365,Worldwide,58320,FALSE,https://t.co/qo4eDnWb6C,22.06583428,0.138100643,Yes,REAL
160,"‚úÖ Eyewitness to Las Vegas Shooting from Front of Stage,  https://t.co/cbxT5YRogx #LasVegasShooting #Vegas @LauraLoomer  @cernovich  #DNN",10/16/2017 23:57,0,0,Twitter Web Client,136,7.15E+17,DeplorableNewsN,DNN,3/29/2016 4:31,"Senior editor at DNN Deplorable News Network, Where the Truth Hurts.",427,274,"Austin, TX",4488,FALSE,,10.51053864,0.641686183,No,REAL
161,There is a lesson here https://t.co/LDr2Ajo2VQ,10/16/2017 23:57,1,1,Twitter for iPhone,46,84501918,kgretsinger,Kathryn Gretsinger,10/23/2009 4:08,Journalist Instructor @ubcjournalism,1643,1507,"Vancouver, British Columbia",3241,FALSE,,1.972611077,0.917224589,No,REAL
162,TV networks exploited Las Vegas shooting to further gun-control agenda: Study https://t.co/zifBQEnjJY,10/16/2017 23:56,0,0,SocialOomph,101,1270001353,StFerdinandIII,Ferdinand,3/15/2013 15:32,"3 Masters ITpreneur  Medieval Glory, Churchill, Catholic. Reject cults incl abortion, Communalism, Islam, Globaloneywarming, MSM lies, Cosmology, Evolution.",49559,6402,"London, England",70910,FALSE,https://t.co/beljsK4cht,1.430819831,0.129179362,Yes,REAL
163,Las Vegas victim who was shot in head takes first steps. https://t.co/4BqOMobiYz,10/16/2017 23:55,0,0,Facebook,80,276226598,BrainSongMJF,BrainSong,04-02-2011 22:53,"BrainSong, The Micah Jones Foundation exists to provide hope and be an advocate for women whose lives have been affected by a traumatic brain injury.",64,17,"Ohio, USA",5801,FALSE,http://t.co/VgZQrqKc6u,90.640625,0.265625,Yes,REAL
164,Raw Footage Shooting Las Vegas People at Bus Stop Below Shooter https://t.co/YTDIkrScK9,10/16/2017 23:54,0,0,Google,87,18614909,sbrannon,susan robens-brannon,01-04-2009 22:45,"Creative visibility and communications consultant. Non-violent solutions, media, social networking, mediation, and visual images.",349,927,Florence,3909,FALSE,http://t.co/NAWdIkTYul,11.20057307,2.656160458,Yes,FAKE
165,https://t.co/YGm4UWP5CE Las Vegas survivor facing life with bullet fragments in her brain https://t.co/buqGyBE3eS #breaking #news,10/16/2017 23:52,0,0,dlvr.it,129,3761241,rwneilljr,"Robert W. Neill, Jr.",04-08-2007 04:56,"Real Estate Broker. Residential, Commercial, Farms, Recreational, Contact via our web site to buy or sell anywhere.",23505,20776,Between Memphis and Jackson MS,432369,FALSE,http://t.co/wTLg2IqQF3,18.39476707,0.883897043,Yes,REAL
166,"For Las Vegas shooting survivors who want to talk, mental health professionals give free time to listen https://t.co/hWCMXaGWqa",10/16/2017 23:52,0,0,dlvr.it,127,21158419,USCSportsNow,USC Sports Now,2/18/2009 2:00,Get all your USC sports news in just one click. Edited by @TheJayJones.,2514,95,,107673,FALSE,http://t.co/FLXkr0jQAJ,42.82935561,0.037788385,Yes,REAL
167,The Girl in the No. 8 Jersey https://t.co/0JbJqIChWe,10/16/2017 23:51,0,0,Twitter for iPad,52,410954633,Son_of_a_George,Charles Baker,11-12-2011 20:08,,95,133,,12655,FALSE,,133.2105263,1.4,No,REAL
168,LAS VEGAS SHOOTING FALSE FLAG https://t.co/i0cGg3JQyl https://t.co/z0hMRdVZcM,10/16/2017 23:50,1,2,Twitter Web Client,77,2172659323,WG_Burton,Greg Burton,11-03-2013 19:09,I was born. I got drunk. I got sober. I went crazy. I found the stillness. I educated myself. I am a free man.,2899,3612,"Chico, California",25483,FALSE,https://t.co/8gcxGBScPl,8.790272508,1.245946878,Yes,FAKE
169,Conspiracy crowd working overtime since Las Vegas shooting ‚Äì Las Vegas Review-Journal https://t.co/EAR7G4jzt7,10/16/2017 23:49,0,0,Twitter Web Client,109,130662357,JeedBe,Donna J,04-07-2010 23:26,"We HAVE to get along & live together...  
  PEACE        #UniteBlue",1203,827,"Bend, Oregon",50027,FALSE,http://t.co/5iq77U7Ujs,41.58520366,0.687448047,Yes,REAL
170,Here are the victims of the Las Vegas shooting https://t.co/uGfYWQzWgF,10/16/2017 23:48,0,0,Twitter Web Client,70,60684098,rodeodance,dora wiilliams,7/27/2009 19:21,Access to affordable healthcare should be a right for ALL .#HealthCareIsAHumanRight,2607,1506,USA,328872,FALSE,,126.1495972,0.577675489,No,REAL
171,"#Zappos Offering to Pay for #LasVegas Shooting Victims' Funerals, Matching up to $1M for Families https://t.co/IU4dbaSIGd via @ktla",10/16/2017 23:47,0,1,Twitter Web Client,131,33237351,PizzaGirl78,Anna MüóΩüìöüåèüåéüåç,4/19/2009 16:16,"#FEMINIST Italianette üá∫üá∏Civil Rights & Justice 4 all. Lover of Art,Film,Literature&Music. #LosAngeles #TheResistance",11200,11270,The Incomparable 31st State,67385,FALSE,,6.016517857,1.00625,No,REAL
172,The man that did that Las Vegas shooting at that concert was part of both Antifa and Isis,10/16/2017 23:46,0,0,Twitter for iPhone,89,22560684,GuruOfAllThings,Wolf Of All Streets,03-03-2009 00:44,I Tell it like it is!,2723,1889,,463992,FALSE,,170.3973559,0.693720162,No,FAKE
173,The Unexpected Way Hospitals Are Supporting Las Vegas Shooting Victims https://t.co/QLyAOIMwKd https://t.co/ObN2EJEUIG,10/16/2017 23:45,0,0,Buffer,118,17876844,FinancialMSW,FinancialSocialWork,12-04-2008 20:05,Financial Social Work certification for social workers and non-social workers. Learn more at http://t.co/p4AtB6x2Et,2490,1590,"Asheville, North Carolina, USA",16945,FALSE,http://t.co/p4AtB6x2Et,6.805220884,0.638554217,Yes,REAL
174,"#FightOn #USC https://t.co/4hpxMW1zPj For Las Vegas shooting survivors who want to talk, mental health professionals give free time to lis‚Ä¶",10/16/2017 23:44,0,0,IFTTT,139,609484227,GOUSCFIGHTON,Fight On Trojans!,6/15/2012 20:19,Trojans updates from The Coliseum! #FightOn #Trojans,1983,1152,"Los Angeles, CA",27941,FALSE,,14.09026727,0.580937973,No,REAL
175,Brewers prospect was 'human shield' during Las Vegas shooting https://t.co/LysANd3CPp via @YahooSports,10/16/2017 23:41,0,0,Twitter Web Client,102,1128130890,pkoch70,Valerie Koch,1/28/2013 13:54,"photographer,import specialist, Shakira &Iron Maiden fan, bird dog wannabe,  railroad & ship buff,  baseball fan, College summer wood bat leagues fan",348,3425,Illinois,1602,FALSE,,4.603448276,9.841954023,No,REAL
176,"Las Vegas shooting victim support shirt number 1 came in the mail today, courtesy of @AltPress ü§ò https://t.co/usELZ7E4kj",10/16/2017 23:39,0,2,Twitter for Android,120,290599945,Kay_Bitte,KaylieüéÉ,4/30/2011 15:20,"@ManiaProjectTX ! 
Music is the best medicine.
Whovian, Potterhead and FOB fanatic. 
Quirky and nerdy semi-adult",194,264,"San Antonio, TX",3617,FALSE,https://t.co/iLyEPVsb8T,18.6443299,1.360824742,Yes,FAKE
177,Bill O'Reilly: Las Vegas shooting 'the price of freedom' https://t.co/elXzsk02sI,10/16/2017 23:39,0,0,Twitter for Android,80,8.32E+17,LarryLitwiler,Larry,2/17/2017 5:24,you can tell when republicans lie - their lips are moving!,364,1023,"Melbourne, FL",9045,FALSE,,24.8489011,2.81043956,No,REAL
178,"FBI knows there was a SECOND shooter at the Las Vegas massacre.¬†https://t.co/kxHKVeyFfR #LasVegas #shooting

‚Äî HealthRanger (HealthRanger) ‚Ä¶",10/16/2017 23:38,0,0,IFTTT,140,17101060,robert2266,robert2266,11-01-2008 14:51,The Dark Lord,1050,1073,The Universe,262935,FALSE,,250.4142857,1.021904762,No,FAKE
179,"Still reeling from the horrendous events in Las Vegas? Pat McCloskey, OFM, lends some hopeful words https://t.co/7hQVO7NdB4",10/16/2017 23:38,1,5,HubSpot,123,18640935,FranciscanMedia,Franciscan Media,01-05-2009 18:59,Franciscan Media seeks to spread the Word that is Jesus Christ and to help you grow closer to God in the spirit of St. Francis.,34353,6072,"Cincinnati, Ohio",14636,FALSE,https://t.co/CRmjumDLfF,0.426047216,0.176753122,Yes,REAL
180,"27-year-old victim of Las Vegas shooting, Maryland native Tina Frost, wakes up from coma, takes first steps  ht... https://t.co/JWfsxiVFgA",10/16/2017 23:35,0,0,Meet Edgar,138,415305621,twdk_music,Time Warrior,11/18/2011 5:02,"http://t.co/lGN51U7SEf

This Twitter Account will provide you with a feed to my Facebook Pages, deviantART, ReverbNation, YouTube and more!",1142,2012,"Chicago, IL EARTH",160213,FALSE,http://t.co/U4M5rwMSBi,140.2915937,1.761821366,Yes,REAL
181,4 Las Vegas Shooting Key Witnesses Are Now Dead or Missing! Major Cover-up? | Art Lovers https://t.co/VEEwtPwdfx,10/16/2017 23:35,0,1,Twitter Web Client,112,106904243,benslinger,B,1/21/2010 1:27,,60,69,San Francisco,2795,FALSE,,46.58333333,1.15,No,REAL
182,Texas Company That Makes Bump Stocks In Spotlight After Las Vegas Shooting | Listen: https://t.co/ssIAt2cfyh https://t.co/KmGLJUrwAC,10/16/2017 23:35,0,0,Hootsuite,132,37012900,WWNO,89.9 WWNO,05-01-2009 18:58,"89.9 WWNO ‚Äî New Orleans Public Radio. Your source for NPR News, Music and Culture in New Orleans and throughout Southeast Louisiana.",10627,730,New Orleans,27345,FALSE,https://t.co/wxssVSqlGP,2.573162699,0.068692952,Yes,REAL
183,Singer Jack Evan Johnson marvels at city‚Äôs resolve after Las Vegas¬†shooting https://t.co/Kcdpu8Pz2G https://t.co/Bs657R82XQ,10/16/2017 23:34,0,0,WordPress.com,123,201575389,vegas_411,Vegas411,10-12-2010 04:19,Real Q&A about the hottest things to do in Las Vegas! Real Users Answering Real Questions!,172,258,"Las Vegas, NV",8436,FALSE,http://t.co/b5lKzzetjF,49.04651163,1.5,Yes,REAL
184,Woman who escaped Las Vegas shooting returns to fire-destroyed home https://t.co/fz9WUf7deu,10/16/2017 23:34,2,1,Beetink,91,7.57E+17,yceek,Beet Hive Stream üé®,7/24/2016 17:59,"üõ°Ô∏è If you are successful, you will win false friends and true enemies.
Succeed anyway. People favor underdogs but follow only top dogs.",12327,9557,‚òï above water ‚òî,226977,FALSE,https://t.co/ACmn0w6Iq6,18.41299586,0.775290014,Yes,REAL
185,"After the Las Vegas Shooting, Concertgoers Became Medics https://t.co/VE6NEGEt4V",10/16/2017 23:33,0,0,Twitter Web Client,80,7.01E+17,ekroadofficial,Emi,2/19/2016 6:33,#Instagram : @ ekroadofficial‚Üì,30,265,Jumpin for my IG fr under,1411,FALSE,https://t.co/KN9rJb8aOW,47.03333333,8.833333333,Yes,REAL
186,"Underground Newz Inc.: Tea Party Claims Las Vegas Shooting, Says Stephen ... https://t.co/Uc1ObfrA9L",10/16/2017 23:32,0,0,Twitter Web Client,100,280442020,GeneralStrikeUS,Undergound America,04-11-2011 10:05,Welcome to the Underground,1436,1139,"Ca, USA",71990,FALSE,https://t.co/hahRbJ7aqS,50.13231198,0.793175487,Yes,FAKE
187,WTH!?!  Video of Stephen Paddock Alive AFTER Las Vegas Shooting??? https://t.co/o0c3JaiygH via @YouTube,10/16/2017 23:31,0,1,Twitter Web Client,103,173556611,lionsfan420,AllAs1,08-01-2010 20:11,,162,252,Washington State,9945,FALSE,,61.38888889,1.555555556,No,FAKE
188,"Las Vegas Shooting Shows Spiritual Depravity, Standing Up in PA + Other News! - https://t.co/zLyw85QH1Y",10/16/2017 23:29,0,1,MailChimp,103,2474509862,AmericanPastors,American Pastors,05-02-2014 20:32,"Encouraging, Equipping, and Uniting Pastors to stand in the gap for Truth in the pulpit and the public square.",859,1513,"Pennsylvania, USA",1019,FALSE,http://t.co/NCanXIxZBb,1.186263097,1.761350407,Yes,FAKE
189,"@ABC Las Vegas shooting victim wakes from coma, takes first steps; fundraiser for her #medical costs raises $600K‚Ä¶ https://t.co/d9PuQOUHEL",10/16/2017 23:29,0,1,Twitter for iPhone,138,17999966,reFocusZone,reFocusZone,12-09-2008 19:40,It's when a people forget God that tyrants forge their chains. Won't change my values to be politically correct. Followed by @TwitchyTeam @DarrellIssa @Heritage,14818,13301,EU / Merica / #TrustTrump,55507,FALSE,https://t.co/b1pVsXRwDF,3.745917128,0.897624511,Yes,REAL
190,"Hartford News Shot in the head in the Las Vegas shooting, Tina takes her first steps https://t.co/5aQb34xJ5V https://t.co/3MK4XjhJEL",10/16/2017 23:29,0,0,dlvr.it,132,213704386,Hartford_NC,Hartford  News,11-09-2010 15:54,"Hartford News, Weather, Sports, Entertainment, Politics, Business and Health.",246,40,"Hartford, CT",18625,FALSE,http://t.co/gftpk5cxaq,75.71138211,0.162601626,Yes,REAL
191,"""County Duo Big &amp; Rich to Perform at Las Vegas Benefit"" by THE ASSOCIATED PRESS via NYT https://t.co/aSEB4TVqLT",10/16/2017 23:29,0,0,IFTTT,115,1048294830,bettyplmz,Betty Platt,12/30/2012 16:41,"blogger, mommy of 2 boys, crafty lady. i like the internet, unicorns, and swearing.",941,671,McClellan,41069,FALSE,,43.64399575,0.713071201,No,REAL
192,"VEGAS TROPICANA SWAT ""HANDS UP"" SWAT team enters Tropicana after Las Vegas Strip shooting https://t.co/35GGZqyjIS via @YouTube",10/16/2017 23:28,0,0,Twitter Web Client,126,1212946698,4MKwithLove,MK,2/23/2013 17:39,"Seek, inquire for, and require the Lord while He may be found [claiming Him by necessity and by right]; call upon Him while He is near.  Isaiah  55:6",20,30,,3355,FALSE,,167.75,1.5,No,REAL
193,The Las Vegas Shooting Massacre: Is There an Active Cover-up in Progress? https://t.co/8TQRnwYqEC via @theEagleiRising,10/16/2017 23:28,0,0,Twitter Web Client,118,891685188,ianmcdo03120397,ian mcdonald,10/19/2012 19:43,British Nationalists Unite,880,1040,,76887,FALSE,,87.37159091,1.181818182,No,FAKE
194,Zappos offers to pay funeral costs for Las Vegas mass shooting victims https://t.co/ozI4ZKz7gu,10/16/2017 23:28,0,1,drumup.io,94,2868159738,VegasReputation,Cannabis Directory,10/20/2014 21:47,"VEGAS RECREATIONAL CANNABIS DISPENSARY DIRECTORY
| Locations | Reviews | News | Events",122,217,"Las Vegas, NV",2628,FALSE,https://t.co/i2KMNuAr7p,21.54098361,1.778688525,Yes,REAL
195,"Woman flees Las Vegas shooting, loses home in wildfires https://t.co/7eoCES7inO https://t.co/lIQsUFfda5",10/16/2017 23:27,0,0,Friends Me,103,147858574,katslefty,Kats Ikeda,5/25/2010 6:41,Not your typical nerd but a nerd nonetheless. ËÇ≤ÂÖê„Å´Âä±„Çì„Åß„ÅÑ„Çã‰∫åÂÖê„ÅÆÁà∂„Åß„Åô„ÄÇ,49,49,,18848,FALSE,http://t.co/SELyCDoXJK,384.6530612,1,Yes,REAL
196,"more #vegas: ""County Duo Big &amp; Rich to Perform at Las Vegas Benefit"" by THE ASSOCIATED PRESS via #news‚Ä¶ https://t.co/UMCFy9l6eu",10/16/2017 23:26,0,0,IFTTT,131,2529239677,WhoFeedsYou,Who Feeds You,5/28/2014 6:18,Who Feeds You? 20% or more #tip for the real professionals. #foodie #vegasfoodie #vegas #epicurean #vegasvalley #VegasStrong,3786,3991,"Las Vegas, NV",44116,FALSE,,11.65240359,1.054146857,No,REAL
197,Woman at Las Vegas shooting loses California home to wildfires - CNN https://t.co/LPlm1YBNN9,10/16/2017 23:26,0,0,Twitter for iPhone,92,3272067464,sueday1970,dianna,07-08-2015 16:26,Retired VHA RN: #Firethefool #loveBernie #SaveourEarth: #Monsanto #GMO #Fracking #Corruption,1985,1467,United States,69967,FALSE,,35.24785894,0.739042821,No,REAL
198,Police finally reveal a possible motive in the Las Vegas shooting ‚Äî it breaks case wide open https://t.co/gKgEBxT8EK,10/16/2017 23:24,0,0,SocialOomph,116,4163939297,SquawkingPoints,Squawking Points,11-11-2015 13:05,Born and bred in the USA. Believer and defender of the US Constitution. Laying it on the line with my Right Leaning Blog.,11135,11921,"Raleigh, NC",18838,FALSE,https://t.co/aYbS1KuZaQ,1.691782667,1.070588235,Yes,FAKE
199,Dip in Tourism After Las Vegas Shooting https://t.co/0jhHph8A6X,10/16/2017 23:24,0,0,SocialFlow,63,17077313,KFIAM640,KFI AM 640,10/30/2008 23:57,"Stay connected. Like us at http://t.co/gTB2tyJlD3 and follow @KFIAM640 on Instagram, Snapchat, Line, Tinder...",47641,2548,Southern California,49343,TRUE,http://t.co/EEDc9SRBMK,1.035725531,0.053483344,Yes,REAL
200,REPORT: Las Vegas Hotel Did Not Call 911 Until After Stephen Paddock Began Shooting https://t.co/G3jrnFMq5c,10/16/2017 23:24,0,0,Twitter Web Client,107,39882689,britemiller,maria miller,5/14/2009 0:34,"I am passionate about health, justie, animals and try to make a difference thru political action",388,1634,US,32950,FALSE,,84.92268041,4.211340206,No,FAKE
201,"Nearly 1,400 people were shot in the US during the week following the Las Vegas mass shooting https://t.co/aXjafXTjAK",10/16/2017 23:23,3,1,Twitter Web Client,117,3506372239,StephanBraun81,Stephan Braun,09-09-2015 17:06,"NYC: radiation scientist - writer - history explorer - activist for humans, animals & nature. DON'T BLAME ME I VOTED BERNIE ! #Bernie2020  R.I.P. #HeatherHeyer",3594,3338,,113417,FALSE,,31.55731775,0.928770173,No,REAL
202,Jason Aldean &amp; Wife Brittany Visit Las Vegas Shooting Victims https://t.co/oEN8Y6RBra #Truth via @biselliano,10/16/2017 23:22,0,0,Tweet Old Post,112,308793927,PoweredByTruth,EternalAffairsMedia,06-01-2011 00:53,the truth powered by The TRUTH! What Will You Believe? Media / News / Publishing ~ ~ ~ God bless ~ ~ ~ ~ Tweets x @Biselliano,4874,2282,"St Louis, MO",91342,FALSE,http://t.co/0yaBFXaIwI,18.74066475,0.468198605,Yes,REAL
203,"In Las Vegas, the casino is always watching ‚Äî and yet it missed Stephen Paddock https://t.co/HnEtFML6VC",10/16/2017 23:22,0,0,Twitter for iPhone,103,9.16E+17,awaydrone,Awaydrone Pty Ltd,10-06-2017 01:28,"Hotel Resort Cruise - Drone Security Solutions Detect and turn away unwanted drones threatening your guests privacy, security and safety. #dronesecurity",14946,566,,19,FALSE,https://t.co/FNWtnGKD44,0.001271243,0.037869664,Yes,REAL
204,"After the Las Vegas shooting, concertgoers became medics: https://t.co/hexTq50A7r #michaellucasgun is all about making the right choice.",10/16/2017 23:19,0,0,IFTTT,136,7.83E+17,michaellucasgun,Michael Lucas,10-04-2016 17:27,Michael is an avid sportsman and gun professional with online #gunclasses and #gun information for you!,16,17,"Virginia, USA",4261,FALSE,https://t.co/wYGOrYi8yH,266.3125,1.0625,Yes,REAL
205,The gun modification that made the Las Vegas shooting so deadly @voxdotcom #AUPOSC https://t.co/p00HEoZVP9,10/16/2017 23:18,0,0,Twitter for iPhone,106,2639569340,Nouhad_II,Nouhad Elie Melki II,7/13/2014 20:36,I am a freshman @AndersonU studying for a bachelors degree in Political Science and Media Communications. I aspire to be a political news analyst in MSM.,223,848,"Anderson, Indiana",880,FALSE,,3.946188341,3.802690583,No,FAKE
206,"Las Vegas shooting victim, struck in the eye by bullet, wakes from coma and walks https://t.co/mvP65RaPcZ https://t.co/Jx2bMwyDlR",10/16/2017 23:16,0,0,dlvr.it,129,9.20E+17,diverstynews,Diversty News,10/15/2017 23:02,We share news from different sources to improve your perspective.#Canada #news #newmedia #independentmedia #nofakenews,1,39,"Vancouver, British Columbia",16,FALSE,,16,39,No,REAL
207,Outback Steakhouse donating profits to Las Vegas shooting victims fund https://t.co/mdeD2J7JmP via @YouTube,10/16/2017 23:15,0,0,Twitter for iPad,107,109945090,Cookiemuffen,Cookie,1/30/2010 20:09,Got married after college. I don't regret starting a family instead of grad school. Proud Deplorable,3163,3378,The American South,289973,FALSE,,91.67657287,1.067973443,No,FAKE
208,Read this: Supervisor says Resch Center needs metal-detectors to guard against #LasVegas -type shooting https://t.co/j16fpItOCR,10/16/2017 23:11,2,3,Twitter Web Client,127,153530206,PGDougSchneider,Doug Schneider,06-08-2010 20:10,"Watchdog reporter at @GBPressGazette: Brown Co, Ashwaubenon, Bellevue. #Packers. #Scannersquawk guy. @Cuse üçä alum. Labs. Hockey üèí Lax. 'Invaluable' -- Deadspin.",13204,1974,"Green Bay, Wisconsin, USA.",39765,TRUE,https://t.co/pyIZVa5Lqf,3.011587398,0.149500151,Yes,REAL
209,Julian Assange: Las Vegas Shooting Secrets Plus Calls Out US Intelligence (Video) https://t.co/A1CcXe3fA8,10/16/2017 23:11,1,0,Twitter Web Client,105,2842889879,AnaCha333,Deplorable Ana,10/24/2014 21:17,,4239,4992,"San Diego, CA",33642,FALSE,https://t.co/4cuUOtNuZ7,7.936305732,1.177636235,Yes,REAL
210,"MortgageNewsUSA: Heller leads call for mortgage, health insurance industries to show leniency to Las Vegas shootin‚Ä¶ https://t.co/9Vxl3rNzVo",10/16/2017 23:10,0,0,IFTTT,139,170514228,AcquireSLO,Acquire Mortgage,7/25/2010 1:49,Full service mortgage brokerage and real estate agency. Offering premier home loans for San Luis Obispo.,159,132,"San Luis Obispo, CA",12010,FALSE,http://t.co/82rozk8j8E,75.53459119,0.830188679,Yes,REAL
211,"Woman Who Escaped #LasVegasShooting Left Helpless Watching Her Home Burn Down 
https://t.co/t8La4GPjmp #SantaRosaFire #WildFires #LasVegas",10/16/2017 23:09,0,0,Twitter Web Client,138,358230596,OneVenusThrow,Venus Throw,8/19/2011 15:55,"0.0371
#NoMoreWar
#EndDeathPenalty",1193,2193,Manna-hata,27016,FALSE,,22.64543168,1.838222967,No,REAL
212,Major TV networks exploited Las Vegas mass shooting to further their gun control agenda https://t.co/L8HC4x8kWg,10/16/2017 23:00,0,0,Twitter for iPhone,111,2471402052,heather_masten,who is John Galt,4/30/2014 19:31,,1345,1320,,29571,FALSE,,21.98587361,0.981412639,No,REAL
213," @NRA Great advertising for NRA, but doesn't beat the Vegas shootings. https://t.co/NqkYQRjYoG",,0,0,Twitter for iPhone,104,8.20E+17,MRMRN12345,Mrn,1/14/2017 20:13,,4,26,,798,FALSE,,199.5,6.5,No,REAL
214,Dozens gravely wounded in #LasVegasShooting face long road to recovery https://t.co/21jr1QDmVU #LasVegas #MandalayBay #LasVegasMassacre,10/16/2017 23:00,0,0,Twitter Web Client,135,358230596,OneVenusThrow,Venus Throw,8/19/2011 15:55,"0.0371
#NoMoreWar
#EndDeathPenalty",1193,2193,Manna-hata,27016,FALSE,,22.64543168,1.838222967,No,REAL
215,Nevada senators seek mortgage help for Las Vegas shooting victims https://t.co/le0y6N3yoG,10/16/2017 23:00,2,1,SocialFlow,89,28361130,NatMortgageNews,NationalMortgageNews,04-02-2009 15:48,In-depth analysis and data on strategic developments across the full span of the residential mortgage industry.,41085,142,New York,18054,FALSE,http://t.co/tF7oEtSnGc,0.439430449,0.003456249,Yes,REAL
216,Deli facing backlash after co-owner called Las Vegas shooting 'community outreach' https://t.co/5AAJiYpd0y,10/16/2017 22:59,0,0,Mobile Web (M2),106,8.84E+17,SuperFakeNews_,Really Fake News,07-10-2017 14:53,"Fakest news in the world found here!
Aggregating all of the world's stories in one handy place.",885,752,"East Lansing, MI",16370,FALSE,,18.49717514,0.849717514,No,REAL
217,"Searches for Answers, Internet Notes Saudi Royals Own Hotel Rooms Above Vegas Shooter https://t.co/PLtCMOIK6w via @The Free Thought Project",10/16/2017 22:58,0,1,Twitter Web Client,139,70405961,Angelmimiromy,Hana Brynda,8/31/2009 14:32,,494,1760,Canada,31731,FALSE,,64.23279352,3.562753036,No,FAKE
218,Major networks exploited Las Vegas shooting to further gun control agenda: report - https://t.co/kaGxr6icux  @Newsbusters @theMRC @GCdickens,10/16/2017 22:58,2,0,Twitter Web Client,140,25314856,harperbulletin,Jennifer Harper,3/19/2009 15:16,"Inside the Beltway daily columnist for The Washington Times, DC journalist on media, public opinion, culture, Americana.",2500,2323,"Washington, DC",7422,FALSE,http://t.co/OKMAxSsfuD,2.9688,0.9292,Yes,REAL
219,27yearold victim of Las Vegas shooting wakes up from coma. https://t.co/lQmY0vABUP https://t.co/AaUZEEBk4u,10/16/2017 22:58,1,0,Report US,106,2941365709,TheTruth24US,The Truth 24 US,12/24/2014 3:15,"Breaking, World, US and Local News",16294,49,Atlanta,1161699,FALSE,,71.29612127,0.003007242,No,REAL
220,A Las Vegas shooting survivor loses her home in the California wildfires: https://t.co/hrCwmEPI6b https://t.co/hWGGxR7MFn,10/16/2017 22:57,0,0,Twitter for iPhone,121,7.85E+17,SourceAmyChin1,Amy Chin (TheSource),10-07-2016 21:57,Digital Producer at The Source Magazine. IG: @TheSource #MoreThanAMagazine,20308,8892,NY ,6898,FALSE,https://t.co/SQFDmfSQ85,0.339669096,0.437857002,Yes,REAL
221,Las Vegas Shooting Guard Emerges From MK Ultra Facility https://t.co/lMY8MfQBjH via @yournewswire,10/16/2017 22:56,0,1,Twitter Web Client,97,29445392,Rowdyforfreedom,Rowdy Dowdy,04-07-2009 13:20,#constitution #liberty #freedom,420,1197,Queen City  North Carolina,11057,FALSE,,26.32619048,2.85,No,REAL
222,There will be a vigil tonight on the lawn at ASU for the victims involved in the recent Las Vegas shooting. All are‚Ä¶ https://t.co/CNKv2vJpco,10/16/2017 22:54,2,2,Twitter for iPhone,140,3281781648,747cbc,747,7/16/2015 19:58,Reach college students with the Gospel and lead them to become disciples who make disciples. Wednesday Nights @ 7:47pm,815,746,"Jonesboro, AR",3022,FALSE,https://t.co/uklXaDGOtV,3.70797546,0.915337423,Yes,FAKE
223,"Opportunistic Democrats Exploit Vegas Shooting to Push Gun Control Agenda‚Ä¶
#TCOT #MAGA #BannonsBattalion https://t.co/3MArrXw1Vn",10/16/2017 22:52,1,1,Twitter for iPad,128,3374126201,Joe_America1776,Joey Brooklyn,7/13/2015 15:25,EVERY DAY IS GOING TO BE A FIGHT!! YOU WANT ANSWERS! I WANT THE TRUTH! YOUR PATRIOT NEWS SOURCE! #COVFEFE #TCOT Don't Tread on Me! Reagan Coalition!,3493,118,BROOKLYN NEW YORK,418046,FALSE,,119.6810764,0.033781849,No,REAL
224,"Las Vegas shooting witness recounts woman telling crowd ""they were all going to die"" before attack https://t.co/C2vUarmy9R",10/16/2017 22:52,0,1,Twitter Web Client,122,47833288,TigerTayy,Tay,6/17/2009 3:02,I'm Tay. I like to make people laugh. XO Instagram- XOtigertay Snapchat- TigerTay,768,2302,New York,95995,FALSE,,124.9934896,2.997395833,No,FAKE
225,Opportunistic Democrats Exploit Vegas Shooting to Push Gun Control Agenda‚Ä¶ https://t.co/ef1mEJO9b7,10/16/2017 22:52,0,0,IFTTT,98,8.50E+17,altmediaunite,AMUF,04-05-2017 20:40,"Links from alt media sites of note. This account will be automated at first, but don't be surprised if you hear from the operator.",217,737,Panopticon,57396,FALSE,,264.4976959,3.396313364,No,REAL
226,Las Vegas Shooting Security Guard Emerges From Clinic That Treated Kanye West https://t.co/l9SXEJtBM8,10/16/2017 22:51,1,1,Twitter Web Client,101,21032566,WorldTruthTV,WorldTruth.TV,2/16/2009 21:48,"‚ÄúSigns and symbols rule the world, not words nor laws.‚Äù -Confucius.... If you want to know the real truth about this world you came to the right place.",11655,0,N.Y.C,155500,FALSE,http://t.co/UL12yGbua9,13.34191334,0,Yes,REAL
227,"Campos checked into Ronald Reagan UCLA Medical Center for‚Äúpsychological assistance‚Äùafter suffering from bout of PTSD
https://t.co/lqhX3ciUDI",10/16/2017 22:48,6,2,Twitter for iPad,140,1564327968,yournewswire,Your News Wire,07-02-2013 23:33,Reporting balanced news and programs challenging mainstream media coverage of world events.,18565,5800,,14057,FALSE,https://t.co/6ABIiLzshb,0.757177485,0.312415836,Yes,REAL
228,Stephen Paddock's father launched violent attack in Las Vegas decades ago | The Independent https://t.co/N2TJ62r4P7,10/16/2017 22:45,0,0,Twitter for iPhone,115,794726696,orionmaggi,maggi mercado,8/31/2012 21:38,,167,521,New England ,9181,FALSE,,54.9760479,3.119760479,No,FAKE
229,#TelegraphNews  Woman survives Las Vegas shooting then sees home burn down in California https://t.co/3EQqP8vbFE,10/16/2017 22:38,0,2,UFOParanormalNews,112,2797963749,UFOParanormNews,UFO Paranormal,10-01-2014 13:34,"We provide the latest news on #UFO's, #Paranormal, #Ghosts and everything that is strange or weird. Plus many items you may like",57879,39470,,152392,FALSE,https://t.co/I4rmVNErYQ,2.632941136,0.681939909,Yes,REAL
230,"Las Vegas Shooting Eyewitness frm Planet Hollywood near Bellagio - more than 1 shooter 
https://t.co/AKqHD9Mhky https://t.co/1i2N7VpgHp",17-10-2017 00:08,0,0,Crowdfire - Go Big,135,8.38E+17,ReachEchoVoice,Echo Voice,03-03-2017 14:26,"Political/Social Correspondent, Commentator, Blogger üëâ Check Out My YT: https://t.co/gxowHot70w & Patreon üíú: https://t.co/0V9o9aQ54t #Patriot",89,199,USA,3131,FALSE,https://t.co/Mfx2xslMt7,35.17977528,2.235955056,Yes,FAKE
231,"@Grrlcop @nooooootrump @LVMPD According to Geary Danley's voting records, he is a Democrat living in Sparks, NV.",19-10-2017 07:50,0,4,Twitter Web Client,112,574822364,Love_The_Donald,Women For Trump!,08-05-2012 22:01,"‚úãüèªSTOP Gov Intel abuse! + Pedophile rings #IstandwithFlynn ‚ù§Ô∏èPRO: #God, #ProLife, #1A, #2A #MAGA #fireMcMaster #womenfortrump @PedoHillary @electionfraud16",8985,8995,America! üá∫üá∏ü¶Öüá∫üá∏,43479,FALSE,,4.839065109,1.001112966,No,FAKE
232,"@realJamesAllsup @jaredlholt I like how he screencapped you saying it wasn't Geary Danley. ""Oh look this guy was right! what a whacko!""",17-10-2017 07:41,0,1,Twitter Web Client,135,8.72E+17,AtiliusRegulus,CryptoOOooOo Groyper,06-06-2017 18:39,DONT PANIC DONT PANIC DONT PANIC DONT PANIC,179,136,"Vladivostok, Russia",3069,FALSE,,17.1452514,0.759776536,No,FAKE
233,Gateway Pundit White House correspondent defends sharing hoax from 4chan on Las Vegas shooting https://t.co/KGtmDXCwGF,23-10-2017 03:37,0,0,Twitter Web Client,118,2173135652,PapaESoCo,PapaESoCo,04-11-2013 01:56,Nothing to see here; Old Guy that express's his opinion on Politics and Scoundrels;they go together so well #Impeach #TheResistance #SFGIANTS,5118,4609,"Sonoma County, Ca.",172387,FALSE,,33.68249316,0.900547089,No,FAKE
234,Hotel Security Guard Jesus Campos Finally Speaks ‚Äì Describes Moment Las Vegas Madman Shot Him (VIDEO) https://t.co/x65NJ3e5f6,18-10-2017 14:29,0,0,Twitter Web Client,125,33611715,PatVPeters,"PatPeters,PhD.",20-04-2009 18:32,Married to my best friend.  You can't coexist with people who want to kill you. #BanIslam  NoRefugees #NoDACADeal  ProLife #MAGA,95404,88355,United States,456307,FALSE,,4.782891703,0.926114209,No,FAKE
235,The Gateway Pundit also previously reported that the security guard made famous in the Las Vegas shooter story is... https://t.co/r2SyWj6PfS,17-10-2017 23:25,0,0,Facebook,140,25635800,1Barbara1,Barbara Espinosa,21-03-2009 03:55,https://t.co/VUVjeMyQ2H American Freedom by Barbara https://t.co/OBdT7YCPPg https://t.co/nyXA1epXhk,1937,1600,Scottsdale,109064,FALSE,http://t.co/OBdT7YCPPg,56.30562726,0.826019618,Yes,FAKE
236,4 Key Las Vegas Shooting Witnesses Are Now Missing Or¬†Dead https://t.co/KZjohjAbFX https://t.co/FK5v1V3tgc,17-10-2017 00:05,0,0,WordPress.com,106,469785324,rhinonever,George T Washington,21-01-2012 00:13,,1539,2396,,21831,FALSE,http://t.co/atXWnrlqvL,14.18518519,1.556855101,Yes,FAKE
237,"Las Vegas Mass Shooting Eye Witnesses Die or Disappear (Oct. 15, 2017). Huge coverup! #LasVegasShooting https://t.co/pPwzXxPS64",16-10-2017 23:59,0,0,IFTTT,127,1731136087,Fisica_Geral,F√≠sica,05-09-2013 07:07,,1293,1352,,31652,FALSE,,24.47950503,1.045630317,No,FAKE
238,LAS VEGAS SHOOTING FALSE FLAG https://t.co/i0cGg3JQyl https://t.co/z0hMRdVZcM,16-10-2017 23:50,1,2,Twitter Web Client,77,2172659323,WG_Burton,Greg Burton,03-11-2013 19:09,I was born. I got drunk. I got sober. I went crazy. I found the stillness. I educated myself. I am a free man.,2899,3612,"Chico, California",25483,FALSE,https://t.co/8gcxGBScPl,8.790272508,1.245946878,Yes,FAKE
239,The man that did that Las Vegas shooting at that concert was part of both Antifa and Isis,16-10-2017 23:46,0,0,Twitter for iPhone,89,22560684,GuruOfAllThings,Wolf Of All Streets,03-03-2009 00:44,I Tell it like it is!,2723,1889,,463992,FALSE,,170.3973559,0.693720162,No,FAKE
240,"FBI knows there was a SECOND shooter at the Las Vegas massacre.¬†https://t.co/kxHKVeyFfR #LasVegas #shooting

‚Äî HealthRanger (HealthRanger) ‚Ä¶",16-10-2017 23:38,0,0,IFTTT,140,17101060,robert2266,robert2266,01-11-2008 14:51,The Dark Lord,1050,1073,The Universe,262935,FALSE,,250.4142857,1.021904762,No,FAKE
241,4 Las Vegas Shooting Key Witnesses Are Now Dead or Missing! Major Cover-up? | Art Lovers https://t.co/VEEwtPwdfx,16-10-2017 23:35,0,1,Twitter Web Client,112,106904243,benslinger,B,21-01-2010 01:27,,60,69,San Francisco,2795,FALSE,,46.58333333,1.15,No,FAKE
242,"@RealJamesWoodsLas üò≥ü§î Shooting Survivor Kymberley Suchomel,Who Claimed Multiple Shooters Involved,Dies Unexpectedly https://t.co/9nqYRWmGGj",16-10-2017 23:35,0,0,Twitter for iPhone,139,19904776,Appltre,@charmainenick,02-02-2009 12:51,"Cry A Little, Laugh Lot, USA Proud! God Bless America! üá∫üá∏üá∫üá∏ Louisiana born and raised! Florida implant courtesy of the USAF! Geaux Tigers! üêØ",87,134,,4623,FALSE,,53.13793103,1.540229885,No,FAKE
243,Las Vegas Survivor Abruptly Dies Days After Posting Eyewitness Account of Second Shooter #lasvegas #shooting #news https://t.co/lwV2byG6HD,16-10-2017 23:27,0,0,Twitter Web Client,138,1391563946,2717PRODUCTIONS,2717 PRODUCTIONS,30-04-2013 08:53,"Film production company based in Hollywood, CA. 
Will soon be in pre-production on often imitated never duplicated 'The Four Horsemen' film.",2825,2802,"Hollywood, California",28476,FALSE,,10.08,0.991858407,No,FAKE
244,REPORT: Las Vegas Hotel Did Not Call 911 Until After Stephen Paddock Began Shooting https://t.co/G3jrnFMq5c,16-10-2017 23:24,0,0,Twitter Web Client,107,39882689,britemiller,maria miller,14-05-2009 00:34,"I am passionate about health, justie, animals and try to make a difference thru political action",388,1634,US,32950,FALSE,,84.92268041,4.211340206,No,FAKE
245,Stephen Paddock's father launched violent attack in Las Vegas decades ago | The Independent https://t.co/N2TJ62r4P7,16-10-2017 22:45,0,0,Twitter for iPhone,115,794726696,orionmaggi,maggi mercado,31-08-2012 21:38,,167,521,New England ,9181,FALSE,,54.9760479,3.119760479,No,FAKE
246,Las Vegas shooting evidence everyone Missed https://t.co/Oiq2kY7F4h via @YouTube.                                            #VegasShooting,16-10-2017 22:27,1,0,Twitter for iPhone,139,779874192,holguinrl33,Ralph Holguin,25-08-2012 08:28,"Living life again, through The Lord. I love being a father to my children, and enjoying my beautiful relationship with my wife. Got to love life...!!!",16,77,"Las Vegas, NV",34,FALSE,,2.125,4.8125,No,FAKE
247,"Rocky Palermo Las Vegas testimony

‚ÄúThere Was More Than One Shooter,‚Äù
Gates To Concert Were Locked Shortly Before A‚Ä¶ https://t.co/JcAXYBgiRw",16-10-2017 22:12,0,0,Twitter Web Client,140,449072223,CaptDax,Dax Dushkewich,28-12-2011 18:15,"Patriotism, God & Country,..Freedom !",819,2290,"Tampa,FL",14388,FALSE,http://t.co/Q3DKB37S4s,17.56776557,2.796092796,Yes,FAKE
248,"Campos, who is supposed to be part of this Las Vegas shooting, suddenly disappears, skips 5 interviews, and now family is under gag orders?",16-10-2017 22:07,0,0,Twitter for Android,139,357950817,mattyresch,Matthew Alexander,19-08-2011 04:17,"(current year) - 1993 years old



Crypto-talk, Everton FC chat, Rutgers rants, and everything else in between",284,345,"Philadelphia, PA",9040,FALSE,,31.83098592,1.214788732,No,FAKE
249,"Eyewitness to Las Vegas shooting claims multiple shooters. #LasVegasShooting #LasVegasMassacre #multi

https://t.co/lfDIqFZRGs",16-10-2017 22:02,0,1,Twitter Lite,126,35337786,schindeler,R S,25-04-2009 23:14,"Loving the Lord, life and liberty in the Lord.",46,4,,4745,FALSE,,103.1521739,0.086956522,No,FAKE
250,The Las Vegas shooting wasn‚Äôt done by a single person üôäüôäüôä,16-10-2017 22:01,0,0,Twitter for iPhone,57,78394761,ehayzee,Slim,29-09-2009 19:32,"Jiu jitsu fighter from New Castle, PA.",465,202,"New Castle, PA",8708,FALSE,,18.72688172,0.434408602,No,FAKE
